date,clean,transformer_sentiment_label,transformer_sentiment_score
2009-05-09,sp500 elliott wave update competiting interpretations,neutral,0
2009-06-04,the gold bull market and the fed it rode in on,neutral,0
2009-06-25,what inflation   rates fall as fed sells 25b in bonds,negative,-1
2009-10-10,tmobile sidekick disaster microsoft and tmobile lose all their clients data stored in the cloud and they dont have a backup,negative,-1
2010-05-10,"correlation math signals bull market oil
stocks at 19 times profit  strongest link
since at least 1986",positive,1
2010-06-07,who thought studying finance could be fraught with such dangers  not quite what i was looking for google,neutral,0
2010-07-04,iceland holds talks with uk and netherlands on icesavethe money was lost in icelands banking crash in 2008 when british and dutch depositors were left out of pocket after the icesave bank collapsed  india raises interest rates to curb inflation the rise came after a surprise hike in inflation to 102 in may,positive,1
2010-08-04,thirtyeight us billionaires have pledged at least 50 of their wealth to charity through a campaign started by investor warren buffet and microsoft founder bill gates,neutral,0
2010-08-31,herpaderp need help reading google finance,neutral,0
2010-09-08,flash crash retail investors have yanked money out of stock mutual funds for 17 straight weeks  finally realizing were getting ripped by the big banks,negative,-1
2011-01-28,berkshire has 34b in cash why  google hedges against currency fluctuations,neutral,0
2011-03-23,how can i get this chart brent oil in google finance i cant seem to find the correctequivalent stock ticker,neutral,0
2011-07-01,in times of high inflation money becomes basically worthless as it devalues daily i can figure and understand that much,neutral,0
2011-08-08,google finance on the djia,neutral,0
2011-08-11,blast from the past the original the death of equities article from business week 1979 just before the biggest bull market in history,neutral,0
2011-08-15,q if google will pay 40 per share for motorola within a year why is motorola stock trading below 40 now,neutral,0
2011-08-19,downtown josh browns 10 practical rules for surviving a full on crash,neutral,0
2011-08-31,if qe3 is approved what will it mean for the financial markets and inflation,neutral,0
2011-09-23,goldbugs how many of you still have faith in the safe haveninflation hedge thesis and are willing to buy the dip now,neutral,0
2011-12-09,microsoft we can remotely delete windows 8 apps,neutral,0
2012-03-05,need your help guysthey never taught me finance in schoolis there some kind of online crashcourseresource where i can learn in laymen terms what a lot of financial terms mean,neutral,0
2012-03-20,hey rfinance how do lenders make a profit lending money for less than the rate of inflation,neutral,0
2012-04-13,suggest a crash course in finance for quick learner,neutral,0
2012-04-15,mark cuban sold his company for 57 billion during the dotcom crash  can the finance gurus here explain what hes saying here on how he protected his money,neutral,0
2012-05-05,warren buffett says he feels real good at berkshire hathaway annual meetingtosses newspaper as bill gates looks on,neutral,0
2012-05-06,warren buffett on his health at berkshire hathaway annual meeting 2012 video,neutral,0
2012-05-07,warren buffett urges shared sacrifice as he defends tax plan to investors  worlds third richest man defends buffett rule and insists cancer will not shorten career during berkshire hathaway agm,neutral,0
2012-05-18,microsoft to charge customers 99 to remove oem crapware  zdnet,neutral,0
2012-05-30,facebook and google the drill down on their business models at the most basic of levels,negative,-1
2012-07-05,simon johnson lie more as a business model  describes the latest and insidious  weckage that is the credibility of the big banks  truly they are banksters,neutral,0
2012-07-09,what would you recommend johnson amp johnson to do to over come its resent threats and weaknesses and why,neutral,0
2012-07-13,hey reddit i made you an app cointegrated stock finder you can try it free but google doesnt support coupon codes so message me your order number and ill refund it,neutral,0
2012-08-13,why did the housing bubble influence demand,neutral,0
2012-08-24,google stock plummets in premarket,negative,-1
2012-09-10,why does the bloomberg site have different prices an chart shapes to google for the same stock,neutral,0
2012-09-14,google rejects white house request to pull mohammad film clip,negative,-1
2012-12-27,google is sending out the first wave of google glasses to about 1000 developers what do you think the chances are that one of them will be a redditor,neutral,0
2013-02-10,is my money completely safe in a low interest bank account im of the thinking that another banking crash is happening within another year,neutral,0
2013-02-14,heinz bought by warren buffetts berkshire hathaway for 28bn,neutral,0
2013-02-25,berkshire buys tulsa world as buffett extends news wager,neutral,0
2013-03-14,do companies with issues like carnival hit bottom and come back or will it go into bankruptcy,neutral,0
2013-03-18,charlie munger and warren buffet believe that blackscholes produces wildly inappropriate values when applied to longdated options  can anyone elaborate on what this quote means can a nonbillionaire either avoid loss or even profit from these wildly inappropriate prices,neutral,0
2013-03-21,will the stock market crash again  will all this end badly  probably  invest anyway,neutral,0
2013-04-30,berkshire size buffett age cloud annual gathering,neutral,0
2013-05-19,why are we not talking about google as the new apple,neutral,0
2013-05-23,reporter uncovers breach of 170000 files containing sensitive data including ssns via regular google search notifies company of breach company threatens to sue reporter and news agency under same law that aaron swartz was charged with violating,negative,-1
2013-06-12,a rising star emerges at berkshire,positive,1
2013-06-18,google is launching a first amendment challenge to the us governments gag order on information its forced to give,negative,-1
2013-06-24,google handed over emails of wikileaks volunteers to us government,neutral,0
2013-07-12,microsoft gave nsa special access to hotmail and skype users data,neutral,0
2013-08-01,correction it wasnt google or the nsa employer tipped off police that fired employee had googled pressure cooker bombs backpack etc,neutral,0
2013-08-07,us govt sues bank of america for defrauding investors prior to housing crash,negative,-1
2013-08-30,microsoft amp google move forward with suing us govt for permission to publish fisa orders,positive,1
2013-09-03,ok so microsoft is buying nokthe cell phone device section what does this mean for nok investors  microsoft acquires nokia,neutral,0
2013-09-05,could google be an economic magic 8ball,neutral,0
2013-09-12,can someone help me figure this out how do some firms like nokia and google avoid paying interest on their debt,neutral,0
2013-09-13,nsa disguised itself as google to spy say reports,neutral,0
2013-09-20,dear google shouldnt you worry about your own health,neutral,0
2013-09-21,amazoncom insider just sold over 750000 in stock is an amazoncom crash coming,neutral,0
2013-09-22,iowas attorney general tried to redact allegations of child abuse at a state juvenile home reporters found out when they pasted the documents into microsoft word,negative,-1
2013-09-30,chart theory what the heck is this guy saying the market is poised for a crash poised for a rally what,neutral,0
2013-10-09,how can i capitalize on the pending economic crash,neutral,0
2013-10-18,okay google at 1000 i get but chipotle at 500,neutral,0
2013-10-24,microsoft firstquarter sales profit exceed analysts estimates,positive,1
2013-10-30,the nsa has secretly broken into the main communications links that connect yahoo and google data centers around the world  by tapping those links the agency has positioned itself to collect at will from among hundreds of millions of user accounts many of them belonging to americans,neutral,0
2013-11-05,nrg ceo thinks google can replace utilities,neutral,0
2013-11-18,project on microsoftnokia acquisition need help,neutral,0
2013-11-20,the costs and benefits of repealing the zero lower bound  and then lowering the longrun inflation target,neutral,0
2013-11-21,should one eliminate debt if inflation outpaces interest rate,neutral,0
2013-11-25,can we extrapolate an imminent crash is looming by looking at historical data for last 10yrs,neutral,0
2013-12-06,microsoft brands governments a persistent threat alongside malware and cyber attacks,negative,-1
2013-12-07,on snooping disclosures atampt and internet companies are like night and day atampt wants to silence a shareholder proposal that it disclose the government requests it receives for customer information rejecting a step that google microsoft and other internet companies have already taken,neutral,0
2013-12-16,banks face losing to google and amazon while shortchanging corporate clients,negative,-1
2013-12-17,why is microsoft offering to buy 15 billion euros worth of convertible bonds from nokia as part of the handset purchase,neutral,0
2014-01-15,googles deal for nest turns off fans of smart thermostat  some consumers fear the search giant will use home device to gather more information about them,negative,-1
2014-01-20,when the banking bailouts auto bailouts and city  state bailouts end will we see hyper inflation and or wealth confiscation,negative,-1
2014-01-21,fbi snatches google glass off the face of innocent amc moviegoer,negative,-1
2014-01-30,q4 google earnings and fiscal 2013 performance sheet,negative,-1
2014-02-03,would it be a good idea to buy google stock now,neutral,0
2014-02-04,stock market correction vocabulary pause dip correction bear market crash depression,negative,-1
2014-02-05,benefits of becoming microsoft excel certified,neutral,0
2014-02-10,investors want microsofts new ceo to kill xbox bing and surface,negative,-1
2014-02-17,google makes huge investment in clean energy xpost from front page,neutral,0
2014-02-19,google fiber announces its list of expansion cities atlanta charlotte nashville phoenix portland raleighdurham salt lake city san antonio and san jose,neutral,0
2014-02-21,berkshire hathaway incs business wire firm stops giving highspeed traders direct access to releases,negative,-1
2014-03-12,paul krugman takes on the inflation paranoiacs,neutral,0
2014-03-13,google is encrypting search globally thats bad for the nsa and chinas censors,negative,-1
2014-03-15,us producer prices fall offer little sign of inflation pressure,negative,-1
2014-03-21,microsoft sells your information to fbi syrian electronic army leaks invoices,neutral,0
2014-03-24,on tuesday the office for national statistics ons will release official inflation figures showing the latest estimates of how much prices have been rising everyone gets to see the figures at 0930 gmt everyone that is except for 49 lucky people who get to see it on monday morning,neutral,0
2014-04-03,google splits into goog and googl today,neutral,0
2014-04-15,police are testing a live google earth to watch crime as it happens,neutral,0
2014-04-16,rapper andre johnson cuts off penis and jumps from building,negative,-1
2014-04-26,report nbas los angeles clippers owner donald sterling tells girlfriend to not bring africanamericans to his games including magic johnson,neutral,0
2014-04-28,us government advises using alternatives to microsoft internet explorer,neutral,0
2014-05-04,net neutrality netflix goes directly to the fcc as google yahoo and other may launch a sopastyle protest,neutral,0
2014-05-05,warren buffetts 7000pound lollipop and the fun inside the annual berkshire hathaway meeting in omaha,neutral,0
2014-05-07,heres why extwitter employees couldnt sell their shares today  its on google facebook amazon and more slam the fccs plan for internet fast lanes,neutral,0
2014-05-21,google overtakes apple as the worlds most valuable brand,positive,1
2014-05-23,google and its classes of stock  microsoft wins case to block fbi request for customer data,negative,-1
2014-05-28,michigan raises minimum wage to 925 and ties future increases to inflation,neutral,0
2014-05-30,ballmer brings microsoft strategy of overpaying for acquisitions to the nba,neutral,0
2014-06-10,after years of looking at the data google has found that college gpa and transcripts are almost worthless in hiring,negative,-1
2014-06-16,a texas woman who became a convicted felon for causing a 2004 car crash that killed her fiancé has learned that general motors gm counts the accident as one of 13 deaths it blames on its defective ignition switches,negative,-1
2014-07-04,google bans porn in ads as of this week no more advertisements incorporating sexually explicit content will be promoted by googles advertising network  edward snowden should have right to legal defence in us says hillary clinton,neutral,0
2014-07-07,google cofounder says people shouldnt have to work so much,neutral,0
2014-07-15,report microsoft to undergo biggest layoff round in companys history,negative,-1
2014-07-16,warren buffett this week donated 28 billion of berkshire hathaway inc stock to five charities as part of the billionaires plan to give away nearly all of his wealth,neutral,0
2014-07-18,crash claims 100 top aids researchers heading to melbourne,neutral,0
2014-07-29,the best of dr doom marc fabers crash calls  why do some tickers not bring up the stock price when searched in google,neutral,0
2014-07-30,google searches can predict stock market crashes,neutral,0
2014-07-31,microsoft ordered to give us customer emails stored abroad decision affirms us position that the worlds servers are for the taking,neutral,0
2014-08-02,while markets down berkshire hathaway profit jumps 41 percent,positive,1
2014-08-21,microsoft excel mac vs windows,neutral,0
2014-08-31,food imports ban backfires on russias economy an embargo on food imports from the west has sent grocery prices in russia soaring and greatly worsened inflation the move is seen as a severe blow to the countrys stagnating economy,negative,-1
2014-09-13,homeland security secretary jeh johnson said his department will be issuing new guidance to retailers this week giving them pointers on how to spot potential terrorists among their customers by looking at what theyre buying,neutral,0
2014-09-15,microsoft purchases mojang for 25 billion  modeling newbie makes financial model for microsoft  mojang deal advice appreciated,neutral,0
2014-09-27,good long term stocks for a new graduate,positive,1
2014-10-02,buffett buys van tuyl auto dealership group  berkshire hathaway inc,neutral,0
2014-10-10,microsoft ceo suggests women not ask for raises trust in karma  berkshireowned dairy queen says customer data hacked in 46 states,negative,-1
2014-10-14,ireland stops double irish gambit  watch for google amazon yahoo et al to move on,neutral,0
2014-10-17,the director of the fbi said on thursday that the postsnowden pendulum had driven apple and google to offer fully encrypted cellphones had gone too far he hinted as a result the administration might seek regulations forcing companies to create a way for the government to unlock the phones,negative,-1
2014-10-24,assange google is not what it seems,neutral,0
2014-11-01,warning extreme nooby questions can somebody explain to me the relationship between keeping rates low inflation qe considerable time and investing,neutral,0
2014-11-07,for 25 a year google wants to store your genome in the cloud connect amp compare them with others to accelerate medical discoveries,neutral,0
2014-11-13,warren buffetts berkshire to buy duracell from procter amp gamble,neutral,0
2014-11-14,5 year old passes microsoft it exam,neutral,0
2014-11-16,humble job seeker seeks crash course,neutral,0
2014-11-17,berkshires pacificorp sues to block birddeath data at windfarms considers this data confidential,negative,-1
2014-11-18,aol apple dropbox microsoft evernote facebook google linkedin twitter and yahoo are backing the us freedom act legislation intended to loosen the governments grip on data  the act is being voted on this week and the eff has also called for its backing,neutral,0
2014-12-03,uk announces a google tax,neutral,0
2014-12-09,bull market for leather seen lasting for years chart of the day,neutral,0
2014-12-12,furious google ends antipiracy cooperation with the mpaa,negative,-1
2014-12-18,the parents of kendrick johnson the georgia teen found dead inside a rolledup gym mat have released a video that focuses on two brothers the family contends were on campus and may have had a motive to harm their son,negative,-1
2014-12-24,sony confirms the interview will be available for rental through youtube google play microsofts xbox video and more starting today at 1 pm et  why do you think we arent seeing any meaningful inflation  would doubling the minimum wage increase inflation,neutral,0
2014-12-31,microsoft windows 10 will be ditching internet explorer and launching a new browser named spartan,neutral,0
2015-01-03,7 year old girl in ky knocks on mans door says she was in a plane crash police find wreckage of plane 4 dead little girl walked away with minor injuries,negative,-1
2015-01-06,johnson amp johnson jnj,neutral,0
2015-01-12,what makes a bull market secular,neutral,0
2015-01-16,markets display hesitation post crash,negative,-1
2015-01-21,where to find stocks with growing dividends mmm xom pg ugi arlp glp,neutral,0
2015-01-23,intrinsic value interest rates inflation and the forgotten concept of the time value of money,neutral,0
2015-01-26,are there any finance equity fixed econ anything research based positions that have a googletype culture,neutral,0
2015-01-27,google to announce google fiber in atlanta charlotte nashville and raleighdurham tomorrow,neutral,0
2015-01-29,has the presence of google fiber had any effects on housing prices,negative,-1
2015-02-08,anybody have any interesting insights on how wellpoorly the russian central bank has handled the crash of the ruble,neutral,0
2015-02-09,why solar eclipsing oil may first cause a yearlong crash then a 17year bull market,neutral,0
2015-02-12,60 minutes bob simon killed in car crash,neutral,0
2015-02-20,is australias all ords about to plummet,negative,-1
2015-02-21,oil crash whos the biggest loser,neutral,0
2015-02-28,buffett dont expect another 50 years of outperformance at berkshire  within 10 to 20 years buffett said berkshires girth could require whoever then runs the omaha nebraskabased company to consider steps he has resisted such as paying dividends or conducting massive share repurchases,negative,-1
2015-03-01,iran says ready to let in google other internet firms  no inflation  dcs pot expo less cheech and chong more berkshire hathaway,neutral,0
2015-03-05,rajan cuts india rates after modi agrees to inflation target,negative,-1
2015-03-17,the end of an era microsoft reportedly killing off internet explorer,negative,-1
2015-03-20,missile remains found at mh17 crash site,negative,-1
2015-03-24,ruth porat leaves morgan stanley to become cfo of google,neutral,0
2015-03-30,google talks  howard marks  the most important thing  origins and inspirations,neutral,0
2015-03-31,while dent was sitting in the back seat of a cruiser police say they found a small bag of cocaine  a video released this week shows the officer pulling a bag of drugs from his pocket  when google fiber isnt around atampt goes for the jugular with 40 premium on gigabit internet,neutral,0
2015-04-08,investors at google playlist  12 incredibly worthwhile talks from famous investors authors and professors damodaran,neutral,0
2015-04-09,procter amp gamble co pampg fights three product liability lawsuits over tide pods the parents and guardians of 13 infant plaintiffs allege the children suffered serious personal injuries after they swallowed inhaled or were exposed to the contents of a tide pods product,negative,-1
2015-04-16,rents in the us are rising everywhere faster than inflation experts say its going to get worse,positive,1
2015-04-20,how do you make money off of low term investments if the inflation rate is near the interestgrowth rate,neutral,0
2015-04-21,uk trader charged with role in sparking 2010 flash crash,negative,-1
2015-04-22,guy trading at home caused the flash crash,neutral,0
2015-04-26,flash crash trader skepticism,neutral,0
2015-04-27,bamboozled if reps from microsoft or windows call you hang up its a scam,neutral,0
2015-05-02,warren buffett denies that berkshire hathaway too big to fail,neutral,0
2015-05-11,communityowned nonprofit in longmont co now 2nd fastest internet in the world faster than google fiber and 5x faster than comcast average,neutral,0
2015-05-16,pg procter amp gamble  6 month low  buy,negative,-1
2015-05-18,are stocks only riskier than bonds in the shortterm because of inflation and rates,neutral,0
2015-05-21,nsa planned to hijack google app store to hack smartphones,neutral,0
2015-05-23,google fiber is reportedly sending out copyright infringement notices directly to subscribers offering settlements ranging from 20 to 300,neutral,0
2015-05-24,a beautiful mind is gone princetons john nash and his wife killed in nj turnpike crash,negative,-1
2015-05-26,talcum powder linked to ovarian cancer  now women with this cancer are suing johnson amp johnson claiming the company kept quiet about the products putative dangers,negative,-1
2015-05-28,man calls suicide line police kill him justin way was in his bed with a knife threatening suicide his girlfriend called a nonemergency number to try to get him into a hospital minutes later he was shot and killed in his bedroom by cops with assault rifles  fbi investigating johnson amp johnson surgical tool suspected of spreading cancer,negative,-1
2015-06-02,irs using 13yearold microsoft software,neutral,0
2015-06-06,google selfdriving car gets rearended in 13th accident since 2009  ars technica,negative,-1
2015-06-08,microsoft answers some questions about bitlocker its disk encryption technology but declines to directly answer whether it has backdoors,neutral,0
2015-06-24,list of interesting podcasts about personal finance investing and money in general,neutral,0
2015-06-25,google is bringing free wifi to nyc by converting old phone booths into wifi hotspots complete with charging stations and a media hub,neutral,0
2015-07-05,china spends billions to prevent stock market crash,neutral,0
2015-07-09,a berkshirebased fancydress retailer is being made to surrender the starwarscouk web address after feeling the force of disneys wrath,neutral,0
2015-07-12,where can i go to get a finances crash course,neutral,0
2015-07-17,a visual history of market crash predictions,neutral,0
2015-07-24,anime nerds are trying to google bomb isis,negative,-1
2015-08-06,another major pillar of the bull market is collapsing,neutral,0
2015-08-07,apparently google finance has some bugs,neutral,0
2015-08-08,berkshire profit falls 37 percent on investment insurance slump,negative,-1
2015-08-09,buffetts berkshire nears deal for precision castparts source  do you use google sheets google spreadsheets is googles equivalent of excel,neutral,0
2015-08-10,buffett deal pursuit reshapes berkshire as mutual fund era ends,positive,1
2015-08-11,here are all the alphabetformerly googlecompanies and products from a to z,neutral,0
2015-08-22,google ordered to remove links to stories about google removing links to stories,negative,-1
2015-08-24,china crash brings bear market to germany,negative,-1
2015-08-26,the trajectory of a crash  philosophical economics,neutral,0
2015-08-29,buffetts berkshire takes 448 billion stake in phillips 66,neutral,0
2015-09-09,microsoft faces off in court with us government who seek to access anyones email in any country tech giants stand behind microsoft for protection of worlds privacy from us federal eyeballs,negative,-1
2015-09-10,microsoft has confirmed that windows 10 is being downloaded to computers whether or not users have opted in,neutral,0
2015-09-17,fed holds rates unchanged amid low inflation instability in global financial markets,negative,-1
2015-10-01,microsoft and google call truce in patent warstech titans agree to end all patent infringement litigation against each other,neutral,0
2015-10-05,new google parent company drops dont be evil motto,neutral,0
2015-10-08,the man who created the 5hour energy drink says he has more money than he needsabout 4 billion more so hes giving it away spending his fortune on a quest to fix the worlds biggest problems including energy,neutral,0
2015-10-12,man who bought googlecom for a minute has been rewarded by the search giant with a bug bounty for discovering the oversight,neutral,0
2015-10-13,britains inflation rate unexpectedly drops back below zero,negative,-1
2015-10-20,seeking alternatives to google alerts to aggregate news about a group of companies,neutral,0
2015-10-23,amazon google earnings bloomberg west full show 1022,neutral,0
2015-10-29,procter amp gamble pg sell or hold thoughts,neutral,0
2015-10-30,in 1913 a bank president in oklahoma made predictions about what banking would look like in 100 years,neutral,0
2015-11-04,how do i find out what the uks inflation was between april 20132014 and april 2014  2015,neutral,0
2015-11-05,china stocks enter bull market as state stimulus reverses rout,negative,-1
2015-11-07,berkshire profit surges to record 943 billion on kraft heinz,positive,1
2015-11-09,buffetts 1 billion purchase that got buried in record quarter heres how big berkshire hathaway inc has gotten at the end of the third quarter a subsidiary of one of its subsidiaries bought some 25000 tank cars from general electric co and didnt bother disclosing the purchase price,neutral,0
2015-11-11,man files civil rights lawsuit after wrongful conviction during that nine years prison officers would storm johnsons solitary cell and brutally beat him breaking his bones and his spirit,negative,-1
2015-11-12,microsoft is building data centres in germany that the us government cant touch,neutral,0
2015-11-18,why does a company that has a lower profit than a previous quarter crash in stock,negative,-1
2015-12-07,google ventures dials down seed deals urges mature startups to go public,neutral,0
2015-12-10,chipotle ceo apologizes over illnesses vows to be safest place to eat,negative,-1
2015-12-18,the crash of junk bonds is indicating something that has yet to happen,neutral,0
2015-12-21,apple crashes into bear market,negative,-1
2015-12-25,in 2016 the federal reserve will pay at least 122 billion to us and foreign banks to keep the money created via its quantitative easing programs out of the economy if the fed raises rates as expected next year the amount nearly doubles to 231 billion,neutral,0
2016-01-03,fbi to deal with militia group at malheur refuge,negative,-1
2016-01-05,eli5 what caused the weakness in chinas productionmanufacturing that lead to this latest crash what role does chinas switch from manufacturing to consumer type economy play in this crash,neutral,0
2016-01-06,microsoft may be collecting more data than initially thought,neutral,0
2016-01-15,rbs suggested a crash is imminent  this was the response from a prominent city cartoonist,neutral,0
2016-01-16,microsoft wont support old windows versions on new processors,neutral,0
2016-01-20,gnowit transforms google alerts into a business signals machine,neutral,0
2016-01-22,google searches for sell stocks is at its highest point since 2008,positive,1
2016-01-25,what do you think will trigger the next recession,neutral,0
2016-01-27,inflation and end result,neutral,0
2016-02-02,alphabet passes apple as worlds most valuable company with googles help,positive,1
2016-02-04,navinder sarao a trader in london who is accused of allegedly causing 2010 us flash crash now may face extradition,negative,-1
2016-02-05,chief justice sells at least 250k of microsoft stock in advance of hearing,neutral,0
2016-02-06,lawsuit woman miscarried after cops battered her during false arrest,negative,-1
2016-02-09,google boss becomes highestpaid in us,negative,-1
2016-02-12,googles selfdriving car system has been officially recognized as a driver by the us national highway traffic safety administration,positive,1
2016-02-13,this is an interesting take on why inflation is inevitable i would add that we also need to see higher energy prices,neutral,0
2016-02-15,unique microsoft hiring program opens more doors to people with autism,positive,1
2016-02-17,berkshire hathaway to livestream annual meeting via yahoo finance in other news yahoo still exists,neutral,0
2016-02-24,sptsx vs sp500,neutral,0
2016-02-29,berkshires abel sees annual pay surge 48 to 408 million  award includes 28 million in incentive plan compensation,neutral,0
2016-03-02,comcast gets big tax break that was designed for google fiber  google searches for how to move to canada spike following super tuesday results,neutral,0
2016-03-03,can spread between inflation indexed and vanilla goc bonds,neutral,0
2016-03-04,microsoft wants to monopolise games development on pc we must fight it,neutral,0
2016-03-05,richard koo argues that fed normalization will cause the next market crash and this cycle will repeat itself as the fed acquiesces to the market by delaying rate hikes,negative,-1
2016-03-06,question on those who predicted the 2008 mortgage bubble crash how did they predict when it was going to crash seemed pretty close 2007 vs 2008,neutral,0
2016-03-07,4chan founder christopher moot poole joins google,neutral,0
2016-03-11,google fights atampt comcast over google fiber service,neutral,0
2016-03-20,microsoft apologises for sexy dancers at tech event,negative,-1
2016-03-21,google microsoft yahoo join forces to create new email encryption protocol,neutral,0
2016-03-24,microsoft ai goes rogue on twitter supports genocide,negative,-1
2016-03-26,war on drugs harmed public health report,neutral,0
2016-03-28,the reason microsoft will lend big cash to potential yahoo buyers,neutral,0
2016-03-30,microsofts racist chatbot returns with drugsmoking twitter meltdown,negative,-1
2016-04-01,four of the biggest tech companies on the planet  apple google microsoft and amazon  all officially pledged their support for the environmental protection agencys embattled clean power plan on friday calling for carbon emissions from power plants to be reduced,positive,1
2016-04-14,microsoft sues the us government for the right to tell customers when the government is looking at their emails,negative,-1
2016-04-17,market crash question tsx independant of sp500,neutral,0
2016-04-24,3 wall street pros reveal why its so hard to cover berkshire hathaway,neutral,0
2016-05-02,berkshire hathaway shareholders have overwhelmingly rejected a resolution calling for the company to write a report about the risks climate change creates for its insurance companies  looting on the rise as venezuela runs out of food electricity food producers alert they have only 15 days left of inventory amid rampant inflation,negative,-1
2016-05-05,windows 10 adoption hits 300 million as microsoft warns the free upgrade will end soon,negative,-1
2016-05-11,google to ban payday loan advertisements,negative,-1
2016-05-13,google launches opensource speech parser dubbed parsey mcparseface  philadelphia cops admit they put google maps sticker on surveillance vehicle,neutral,0
2016-05-15,microsoft director former amazon director charged in prostitution sting,negative,-1
2016-05-17,firefox tops microsoft browser market share for first time,positive,1
2016-05-18,microsoft makes final aggressive windows 10 upgrade push  wraps up phased approach as it switches upgrade to recommended interprets closing the notification as upgrade approval,neutral,0
2016-05-19,the top lawyer for oklahoma gov mary fallin urged prison officials to go forward with a planned execution even though they received the wrong drug telling a deputy attorney general to google it to confirm it could be used,neutral,0
2016-05-24,google hq raided in paris  eur 16bn tax fraud investigation,negative,-1
2016-05-25,microsoft criticised over deceitful and nasty windows 10 upgrade,negative,-1
2016-05-26,google beats oracle copyright suit wiping away 9 billion claim  800 million lawsuit filed against former federal drug administration chief and johnson amp johnson for hiding dangers like permanent pain and damage to the body of the antibiotic levaquin to increase profits,negative,-1
2016-06-04,google removes a chrome extension that identified and tracked jews,negative,-1
2016-06-11,google officially endorses trans pacific partnership,neutral,0
2016-06-13,microsoft to acquire linkedin,neutral,0
2016-06-14,us homeland security secretary jeh johnson calls proposed muslim ban counterproductive,negative,-1
2016-06-19,star trek actor anton yelchin dies in car crash at age 27,negative,-1
2016-06-25,google facebook quietly move toward automatic blocking of extremist videos,neutral,0
2016-06-26,debtfuelled growth could trigger financial crash governments told,negative,-1
2016-07-06,attorney general loretta lynch says the hillary clinton email investigation is being closed without any criminal charges,neutral,0
2016-07-07,philando castile dead after officerinvolved shooting in falcon heights,negative,-1
2016-07-23,the us says theres no legal basis for the government to be required to tell microsoft corp customers when it intercepts their email,neutral,0
2016-07-25,fbi investigating compromise of democratic party organization,negative,-1
2016-08-11,mother and three children killed in a34 crash in berkshire  secure boot snafu microsoft leaks backdoor key firmware flung wide open,negative,-1
2016-08-14,we want cash drug agents seize 209mn in random profiling of 5200 travelers  report,neutral,0
2016-08-24,chromebooks outsell macs for the first time  more google chromebooks are sold in the us than apple macs according to the latest figures from analyst firm idc  google to punish sites that use intrusive popover ads,positive,1
2016-09-07,google fiber wins faster access to utility poles over atampts objections,positive,1
2016-09-08,warned of a crash startups in silicon valley narrow their focus,negative,-1
2016-09-12,is the inflation hidden in derivatives,neutral,0
2016-09-20,microsoft will solve cancer within 10 years by reprogramming diseased cells,neutral,0
2016-09-21,nashville votes to roll out google fiber atampt to sue the city,neutral,0
2016-10-03,police detective who threatened to kill teens and plant drug evidence is suspended not fired,neutral,0
2016-10-04,assange promises leaks on google and us election as wikileaks celebrates 10th years,neutral,0
2016-10-05,wounded gold bull market steadies after worst slump in a year  bloomberg,negative,-1
2016-10-19,google and amazon are in a race to 1000,neutral,0
2016-10-22,american airline wins right to weigh passengers to prevent crash landings,positive,1
2016-10-25,1025 tuesday stock premarket news amp movers,neutral,0
2016-10-31,what is going on with google finance is it broken,neutral,0
2016-11-04,how to prove or disprove random walk in sp500 daily returns,neutral,0
2016-11-11,bystanders yell antitrump taunts as man beaten after car crash,negative,-1
2016-11-14,buffetts berkshire takes stakes in four major airlines  why dont central banks lie about the inflation rate,neutral,0
2016-11-15,why the econ lesson for the billionaire chinas self inflicted inflation is nothing new  microsoft signs biggest windpower deal for wyoming data center,neutral,0
2016-11-16,us producer prices inflation flat last month,negative,-1
2016-11-26,mostly blue chips stock portfolio review,neutral,0
2016-12-01,dolly parton fund to donate 1000month to families who lost homes in fire,neutral,0
2016-12-05,woman sentenced to 1 year in jail for impersonating exboyfriend on facebook sending herself threats,negative,-1
2016-12-08,any good website to see total number of positivenegative days for sp500,neutral,0
2016-12-12,inflationhit venezuela to pull largest bill from circulation,negative,-1
2016-12-19,feds indict two lawyers who bought copyright rights to porn movies uploaded them to torrent sites and then shook down people who downloaded them,negative,-1
2016-12-20,orlando nightclub victims families sue facebook twitter google for helping is radicalise shooter,negative,-1
2016-12-23,microsoft admits it went too far with aggressive windows 10 updates,negative,-1
2016-12-26,new google algorithm removes holocaust denial sites from search results,neutral,0
2016-12-31,former rjr nabisco ceo f ross johnson dies at age 85,neutral,0
2017-01-10,whats your take on the current economy interest rates and inflation,neutral,0
2017-01-11,microsoft antiporn workers sue over ptsd,negative,-1
2017-01-23,doj microsoft isnt harmed when it cant tell users what data we want,neutral,0
2017-01-25,google has banned 200 publishers after it passed a new policy against fake news,negative,-1
2017-01-27,microsofts market value tops 500 billion again after 17 years,positive,1
2017-01-30,exclusive google creates 4 million crisis fund for immigration cause  google doodle honors fred korematsu activist who fought us internment of japanese americans,neutral,0
2017-02-03,lbo modeling crashcourse,neutral,0
2017-02-05,victoria cross hero johnson beharry left feeling humiliated by us border officials,negative,-1
2017-02-10,how the flash crash trader lost his 50 million fortune,neutral,0
2017-02-14,microsoft wants a digital geneva convention to rein in statesponsored cyber threats,neutral,0
2017-02-15,interview with google founder sergey brin davos 2017,neutral,0
2017-02-24,google accuses exemployee now head of selfdriving at uber of downloading 14000 files before resigning criminal investigation is possible,negative,-1
2017-03-08,30 dead and more than 50 wounded in kabul afghanistan is gunmen dressed as medics kill 30 at kabul military hospital,negative,-1
2017-03-21,microsoft founder bill gates again tops forbes list of the worlds richest people in a year when the number of billionaires rose 13 to 2043 according to the magazines annual rich list mr gates fortune rose to 86bn from 75bn followed by investor warren buffett up 148bn to 756bn,positive,1
2017-03-28,apple berkshire disney or tesla,neutral,0
2017-04-05,microsoft reveals for the first time the data it collects in windows 10,neutral,0
2017-04-07,goldman sachs wants to become the google of wall street  google expands fact check tool to flag up fake news in search results,neutral,0
2017-04-08,prostitute responsible for google execs fatal heroin overdose to be deported to canada,negative,-1
2017-04-11,brexit latest food inflation hits highest rate in three years in march,positive,1
2017-04-25,teenage hacker jailed for masterminding attacks on sony and microsoft,negative,-1
2017-04-29,google ceo sundar pichai made nearly 200 million last year,neutral,0
2017-05-01,aiming to rein in soaring prescription drug prices an unlikely nevada coalition is trying to force pharmaceutical companies to disclose how they set insulin prices  and issue refunds to diabetics or their insurance companies if annual price hikes surpass inflation,neutral,0
2017-05-07,rate my portfolio,neutral,0
2017-05-11,microsoft releases emergency patch for crazy bad windows zeroday bug,negative,-1
2017-05-15,microsoft president blasts nsa for its role in wannacry computer ransom attack,negative,-1
2017-05-18,nsa reported wannacry vulnerability to microsoft after using it for 5 years,negative,-1
2017-05-21,why does berkshire hathaway keeps cash in tbills,neutral,0
2017-05-22,revealed google tried to block media coverage of gender discrimination case,negative,-1
2017-05-30,apple amazon microsoft and google lobby against texas bathroom bill,neutral,0
2017-06-01,theres a new way to control inflation,neutral,0
2017-06-07,video shows cops kick innocent victim of fiery crash,negative,-1
2017-06-15,snap taps its ipo price as it continues to crash,positive,1
2017-06-23,google begins removing private medical records from search results,negative,-1
2017-06-24,bernie and jane sanders under fbi investigation for bank fraud hire lawyers  cbs news,neutral,0
2017-06-27,google fined record 27 billion in eu antitrust ruling,negative,-1
2017-06-28,the reasons this bull market is creating fewer jobs in finance than the economy at large,negative,-1
2017-06-29,microsoft scam callers arrested after years of terrorising the technically challenged,negative,-1
2017-06-30,warren buffetts berkshire hathaway to become bank of americas largest shareholder,neutral,0
2017-07-03,microsoft could lay off thousands as it focuses more on cloud services,negative,-1
2017-07-04,amazon and google share prices were wrongly reported down more than 80 after test data went live,negative,-1
2017-07-05,amazon and google share prices were wrongly reported down more than 80 after test data went live,negative,-1
2017-07-07,microsoft cuts thousands of jobs amid shift to cloud services,negative,-1
2017-07-10,downloading sampp 500 stock data from googlequandl with r command line script,neutral,0
2017-07-12,capitalism the apple way vs capitalism the google way  as companies continue to generate more profits than they need to fund their own growth the question becomes who will decide what to do with all those profitsmanagers or investors,neutral,0
2017-07-14,be careful what you google or rather be careful what you reddit,neutral,0
2017-07-18,warren buffetts take on market forecasts,neutral,0
2017-07-24,microsoft paint to be killed off after 32 years  technology,negative,-1
2017-07-27,72717 thursday stock movers amp news twtr vz pg luv dnkn fb gild pypl bwld whr amzn amp more,neutral,0
2017-08-07,amazons name pops up on 10 of us earnings conference calls  twice google and three times apple,neutral,0
2017-08-08,teens in stolen car crash had 126 arrests murder charges possible,negative,-1
2017-08-14,berkshire hathaway dumps entire stake in general electric  81417 mondays stock market movers amp news,neutral,0
2017-08-23,warren buffetts berkshire 100 billion problem just got bigger planned 9 billion acquisition of a major utility doesnt look like its going to happen after all,neutral,0
2017-09-06,pg david taylor ceo of procter amp gamble urges shareholders to reject nelson peltz,neutral,0
2017-09-08,trying to settle on a sp500 etf  long amp foster acquired by berkshires homeservices,neutral,0
2017-09-09,rate my portfolio,neutral,0
2017-09-14,google segregates women into lowerpaying jobs stifling careers lawsuit says women say google denied them promotions telling the guardian they were forced into less prestigious jobs despite qualifications,negative,-1
2017-09-17,former facebook executive says google facebook are surveillance states and risk more regulation,negative,-1
2017-09-27,girl 11 consented to sex with man 28 who lured her from a park french prosecutors declare,neutral,0
2017-09-30,a vaginal mesh implant made by johnson amp johnson jampj was launched without a clinical trial and then marketed for five years after the company learned that it had a higher failure rate than their two earlier devices,neutral,0
2017-10-02,google admits citing 4chan to spread fake vegas shooter news,neutral,0
2017-10-07,puerto rico cell phone service to be restored by google balloons,neutral,0
2017-10-14,google top stories featured false news about rumored antifa civil war  north korea behind wannacry attack which crippled the nhs after stealing us cyber weapons microsoft chief claims,negative,-1
2017-10-16,echoes of the black monday crash of 87  black monday at 30 wall street remembers the 1987 stock market crash  bloomberg,negative,-1
2017-10-17,1017 tuesday stock market movers amp news,neutral,0
2017-10-18,we are the microsoft excel team  ask us anything  riama crosspost,neutral,0
2017-10-19,mohawk native american tribe sues amazon and microsoft in complicated supercomputer patent spat,negative,-1
2017-10-20,1020 friday stock market movers amp news,neutral,0
2017-10-27,in such a bull market wherewhen does a newbie jump in  alphabet inc goog googl delivers earnings beat,neutral,0
2017-11-16,is berkshires price determined by the movement of the stocks it holds or by the actual demand of the brk stock ,neutral,0
2017-12-07,excop michael slager sentenced to 1924 years for killing walter scott  the next stock market crash will look a lot different than the financial crisis  big banks push back on launch of bitcoin futures,negative,-1
2017-12-11,keaton jones video gone after moms confederate flag photos surface,neutral,0
2017-12-14,microsoft announces reddit partnership new ai features for bing,neutral,0
2017-12-18,army sgt la david t johnson fought to end after ambush in niger wasnt caught or executed military report  fda plans crackdown on homeopathic remedies,negative,-1
2017-12-22,googles top finance searches of 2017,neutral,0
2017-12-28,best and worst performing sp500 stocks in 2017,negative,-1
2018-01-14,google is pulling addiction treatment center ads worldwide,negative,-1
2018-01-16,116 tuesdays stock market movers amp news,neutral,0
2018-01-22,us sanctions curb microsoft sales to hundreds of russian firms,negative,-1
2018-01-27,google diversity culture war employees being harassed and threatened,negative,-1
2018-01-30,amazon berkshire hathaway and jpmorgan chase launch new health care company  amazon berkshire hathaway and jpmorgan chase to partner on us employee health care,positive,1
2018-02-13,study buy the dip mentality will keep the bull market going,neutral,0
2018-02-15,sp500 ascending wedge on the weekly can anyone confirm or refute,neutral,0
2018-02-23,warren buffet and berkshire hathaway has 160 billion currently could make a huge deal soon how to play this,neutral,0
2018-02-24,google bro culture led to violence sexual harassment against female engineer lawsuit alleges  with 116 billion cash buffett says berkshire needs huge acquisitions  warren buffett shareholder letter says berkshire posted 29 billion gain from tax cut law,neutral,0
2018-02-26,apple confirms it uses googles cloud for icloud,neutral,0
2018-02-27,powell says feds will continue raising rates to fight inflation beginning of large correction or still a bull market,positive,1
2018-03-02,google accused of excluding asians whites for some positions,negative,-1
2018-03-05,warren buffett is even better than you think,neutral,0
2018-03-07,the creator of pepe the frog is suing infowars,negative,-1
2018-03-14,bitcoin falls back below 9000 after google says it will ban cryptocurrency ads,negative,-1
2018-03-16,bitcoin plummets as google bans crypto advertisements,negative,-1
2018-03-17,berkshire says median employee makes over half buffetts pay  north carolina police obtained warrants demanding all google users near four crime scenes,neutral,0
2018-03-23,the great inflation mystery  venezuela president solution to inflation change money,neutral,0
2018-03-26,kremlin warns boris johnson it has a surprise for those who compare russia to nazi germany  microsoft to ban offensive language from skype xbox office,negative,-1
2018-03-31,berkshire hathaway  buffet is still buying synchrony financial stock  victim who died in tesla crash had complained about autopilot,negative,-1
2018-04-04,study the markets top in january isnt this bull markets top  are there any sp500 etfs under 50,neutral,0
2018-04-13,google loses landmark right to be forgotten case  technology,negative,-1
2018-04-28,earnings inflation through adjustments reaches new peak with weworks community adjusted ebitda on debut bond offering,positive,1
2018-05-02,us treasury says q1 borrowing set record of 488 billion,neutral,0
2018-05-07,warren buffett wells fargo was slow to stop bad behavior but its a good business,positive,1
2018-05-16,berkshire ups stake in teva bk dal mon usb lowers stake in chtr lbtya psx ual vrsk wfc,neutral,0
2018-05-24,women accuse morgan freeman of inappropriate behavior harassment,negative,-1
2018-05-30,microsoft is now more valuable than google,neutral,0
2018-05-31,predicting stock performance with natural language deep learning  microsoft developer blog,neutral,0
2018-06-02,list of us stocks with dividend increases of 50 years or more,neutral,0
2018-06-04,microsoft buys github a platform for software developers for 75 billion in stock,neutral,0
2018-06-14,whats the riskiest bull market trade you can think of right now but also something you actually might do,neutral,0
2018-06-15,amazon microsoft and uber are paying big money to kill a california privacy initiative,neutral,0
2018-06-21,inflationhobbled venezuela triples minimum wage to 114month,neutral,0
2018-06-24,bodycam video shows kansas officer firing on dog injuring little girl  google street view images capture metro vancouvers homeless crisis,neutral,0
2018-07-01,bull market monday,neutral,0
2018-07-16,how the drop of netflix will affect sp500,neutral,0
2018-07-17,panic roils chinas peertopeer lenders as savers rush to withdraw cash,negative,-1
2018-07-18,europe hits google with a record 5 billion fine,positive,1
2018-07-19,why googles record antitrust fine doesnt matter,neutral,0
2018-07-24,google shrugs off 51 billion fine with another big quarter,negative,-1
2018-07-31,procter amp gamble to raise prices on pampers other items,positive,1
2018-08-04,humiliating cellist booted from american airlines flight after buying ticket for instrument,neutral,0
2018-08-05,next market crash one word keeps popping up that should scare investors,neutral,0
2018-08-07,berkshire hathaways cash on hand should make investors cautious,neutral,0
2018-08-16,google clarifies to users it still tracks their location even after they turn off location history following ap report,neutral,0
2018-08-21,sampp 500 hits alltime high and ties record for longest bull market ever  russian hackers targeted us conservative thinktanks says microsoft,neutral,0
2018-08-27,berkshire hathaway in talks to buy stake in indias paytm economic times,neutral,0
2018-08-29,mom of 5 killed in crash after boyfriend cut her brake lines to make crack pipe cops say,negative,-1
2018-08-30,uranium bull market,neutral,0
2018-09-02,google and mastercard cut a secret ad deal to track retail sales,negative,-1
2018-09-07,family reveals crash video details south bend cop ran red light at 90 mph and had siren off,negative,-1
2018-09-14,10 years on how the eu overhauled finance policies after lehman brothers crash,neutral,0
2018-09-17,google admits changing phone settings remotely,neutral,0
2018-09-22,report google suppressed an explosive memo about its chinese search engine  white house drafts antitrust order to investigate google and facebooks business practices,negative,-1
2018-09-28,google scrambled to get employees to delete an internal memo about censored search in china,negative,-1
2018-10-02,amazon raises minimum wage to 15 for all us employees,neutral,0
2018-10-06,24 arrested for duping microsoft customers from fake call centres,negative,-1
2018-10-08,google reportedly exposed private data of at least hundreds of thousands of plus users,neutral,0
2018-10-10,what are some good indicators of when a good entry point is after a bull market is over,neutral,0
2018-10-13,why did the sp500 stocks fall  the stock market thread for the trading week beginning october 15th 2018,negative,-1
2018-10-15,microsoft cofounder paul allen dies of cancer at age 65,neutral,0
2018-10-16,google will stop bundling its apps on android phones in response to eu fine,neutral,0
2018-10-21,why do you love dividend stocks so much if sp500 makes more money,neutral,0
2018-10-23,facebook google hit with lawsuits for secret location tracking,negative,-1
2018-10-25,google ceo admits company had a sexual harassment problem  says it has fired 48 employees for sexual misconduct,negative,-1
2018-11-01,doctor says she was racially profiled while trying to help fellow passenger,negative,-1
2018-11-02,what do you think about my portfolio  warren buffett loses nearly 4 billion in single day on his apple stake,neutral,0
2018-11-03,most anticipated earnings releases for the week beginning november 5th 2018,neutral,0
2018-11-08,google after employee walkout overhauls sexual misconduct policy,negative,-1
2018-11-09,119  fridays premarket stock movers amp news,neutral,0
2018-11-15,thoughts on berkshire hathaway class b stock  facing scrutiny facebook reportedly hired pr firm that wrote negative articles about apple google,negative,-1
2018-11-26,as european how can i buy sp500 etf on interactive brokers  microsofts stock market value catches up with apple,positive,1
2018-11-28,google employees we no longer believe the company places values over profits,neutral,0
2018-11-30,microsoft surpasses apple as most valuable public company  after microsoft complaints indian police arrest tech support scammers at 26 call centers,positive,1
2018-12-08,google employee found dead in companys new york city headquarters,negative,-1
2018-12-10,venezuela annual inflation tops 1 million percent in november,neutral,0
2018-12-12,is now a good time to buy my first sp500 tracking etf,neutral,0
2018-12-14,1214  fridays premarket stock movers amp news,neutral,0
2018-12-19,facebook allowed microsofts bing search engine to see the names of virtually all facebook users friends without consent the records show and gave netflix and spotify the ability to read facebook users private messages,neutral,0
2018-12-20,what online brokerage will tell me how much ive gainedlost inluding divdends and compare to sp500 performance,neutral,0
2018-12-24,why the odds of a rebound in the sp500 are increasing,neutral,0
2018-12-28,3 reasons why the fed wants to keep raising interest rates,neutral,0
2019-01-02,court rules govt can keep money seized in drug bust even after suspect acquitted,neutral,0
2019-01-03,google shifted 23bn to tax haven bermuda in 2017 filing shows,neutral,0
2019-01-08,kroger and microsoft partner up to take on amazon,neutral,0
2019-01-10,is the berkshire hathaway annual shareholders meeting worth attending as a b class shareholder,neutral,0
2019-01-11,microsofts killer windows 7 patch breaks networking flags legit pcs as not genuine,negative,-1
2019-01-17,microsoft is pledging 500 million for affordable housing in the seattle area,positive,1
2019-01-18,woman sentenced to 30 days in jail for dui crash that killed couple,negative,-1
2019-01-19,stock market week ahead for the week beginning january 21st 2019 news earnings etc,neutral,0
2019-01-20,berkshires lithium venture may supply us automakers including tesla ft,neutral,0
2019-01-23,dont trust daily mail website microsoft browser warns users  stock market news today wednesday jan 23rd 2019,neutral,0
2019-01-24,google update could destroy adblocking,negative,-1
2019-01-31,johnson amp johnson nyse jnj analysis,neutral,0
2019-02-05,the bull market still has some room to run,positive,1
2019-02-06,police want google to remove ability to report checkpoints in waze  google now pays more money in eu fines than it pays in taxes,negative,-1
2019-02-16,berkshire hathaway takes new stake in canadas suncor energy reuters  charlie munger on elon musk tsla the daily journal annual meeting 2019,neutral,0
2019-02-17,google backtracks on chrome modifications that would have crippled ad blockers,negative,-1
2019-02-18,google searches hijacked to link best toilet paper in the world to pakistan flag,neutral,0
2019-02-22,berkshire hathaway,neutral,0
2019-02-23,berkshire hathaways book value declined 71 percent in the fourth quarter to 212503 compared to year prior reuters,negative,-1
2019-02-24,google googl is reportedly planning to launch a netflix for games and its own console daily mail,neutral,0
2019-03-09,the forgettable crash of 1966,neutral,0
2019-03-13,us to ground all boeing crash aircraft  bbc news,neutral,0
2019-03-29,us consumer spending soft inflation benign as economy slows,negative,-1
2019-04-17,subdomain takeover microsoft loses control over windows tiles,negative,-1
2019-04-24,microsoft pops on earnings report after betterthanexpected thirdquarter revenue,negative,-1
2019-04-25,audit reveals 42 billion unconstitutionally diverted from highway roadbridge repair fund to state police  microsoft paint fans rejoice as art app saved for now,neutral,0
2019-05-03,buffett said berkshire hathaway has been buying shares of amzn,neutral,0
2019-05-04,live legendary investors warren buffett and charlie munger provide rare wisdom at the 2019 berkshire hathaway annual shareholders meeting,neutral,0
2019-05-09,buffets berkshire takes tax hit as victim of ponzitype solar scheme,negative,-1
2019-05-11,thoughts on berkshire hathaway,neutral,0
2019-05-12,the perfect bull market portfolio might have blown up your firm,negative,-1
2019-05-14,buffetts berkshire hathaway will soon reveal the size of its amazon position,neutral,0
2019-05-15,audio reveals pilots angrily confronting boeing about 737 max feature before second deadly crash,negative,-1
2019-05-17,fbi targets johnson amp johnson siemens ge philips in brazil graft case,negative,-1
2019-05-22,huawei executive reportedly accused of stealing trade secrets from microchip company backed by microsoft and dell,negative,-1
2019-05-24,2019 berkshire hathaway asm transcript,neutral,0
2019-05-25,microsoft once considered a stodgy software maker has outperformed tech unicorns since 2015,positive,1
2019-05-29,people who invested in companies like apple amazon microsoft etc in their early days why did you do so,neutral,0
2019-05-30,google holds firm on chrome changes that may break ad blockers,positive,1
2019-06-05,if we arent in a bull market or really a bear market would you call this a fish market,neutral,0
2019-06-07,why are the sp500 specifications so arbitrary,neutral,0
2019-06-08,does anyone know retail investors who have been beating sp500 average returns for over 10 years,neutral,0
2019-06-16,market crash the likes of which have never been seen if trump loses in 2020,neutral,0
2019-06-19,google investing 1 billion to fight bay area housing crisis,neutral,0
2019-06-20,apple microsoft and other tech companies ask to be excluded from the china tariffs,neutral,0
2019-06-22,microsoft reportedly bans its employees from using slack for security reasons and encourages them to to use the microsoft teams app instead,negative,-1
2019-06-24,is there worldwide version of sp500,neutral,0
2019-06-25,just a friendly reminder that nobody knows what the fuck theyre talking about from the same google finance newsfeed,neutral,0
2019-06-27,nearly 100 drivers followed a google maps detour  and ended up stuck in an empty field,negative,-1
2019-06-28,todays premarket news friday june 28th 2019,neutral,0
2019-06-30,thoughts on procter and gamble pg,neutral,0
2019-07-10,a woman with dementia was punched in the face while she was wearing a badge saying i have alzheimers please be patient,negative,-1
2019-07-11,the fed chairman says the relationship between inflation and unemployment is gone  google employees are systematically listening to audio files recorded by google home smart speakers and the google assistant smartphone app,negative,-1
2019-07-12,johnson amp johnson to test hiv vaccine in us and europe,positive,1
2019-07-15,billionaire investor peter thiel reportedly says the fbi and cia should investigate google,neutral,0
2019-07-20,why microsoft may really be worth 1300000000000  oklahoma animal shelter encourages area 51 fans to storm our shelter  wall street week ahead for the trading week beginning july 22nd 2019,neutral,0
2019-07-26,st louis da finds police and prosecutors invented evidence paid witness to win murder conviction,neutral,0
2019-07-27,wall street week ahead for the trading week beginning july 29th 2019,neutral,0
2019-08-03,berkshire hathaway profit falls as insurance underwriting declines and economy slows,negative,-1
2019-08-09,report monsanto paid google to bury unfavorable news,negative,-1
2019-08-11,russia after protests tells google not to advertise illegal events,negative,-1
2019-08-16,ten arrests after police officer murdered while responding to burglary in berkshire,negative,-1
2019-09-01,kevin hart suffers major back injuries in car crash,negative,-1
2019-09-07,what company do you believe berkshire hathaway is planning on buying and why  berkshires end,neutral,0
2019-09-08,google has about 121b cash on hand if google use it to make a big acquisition which company you think it should buy,neutral,0
2019-09-09,jeffrey epstein directed allies to aggressively lobby for a meeting with microsofts bill gates  he eventually got one  google bans family cafe for offensive content for posting photo of british dish faggots and peas  48 us states launch antitrust investigation into google,negative,-1
2019-09-11,i plotted mentions of recession in headlines on financial news websites cnbc marketwatch zerohedge etc as percentage of total headlines vs sp500 along with other terms eg trump bubble i summarized it on an interactive dashboard to play around with,neutral,0
2019-09-13,sterling could rally to 150 if boris johnson secures a brexit deal strategist says,positive,1
2019-09-17,microsoft admits that windows 10 update 1903 knocks out wifi,negative,-1
2019-09-20,bikers line up at girls lemonade stand after mom helps save them during crash,neutral,0
2019-10-07,ny fed awards 4705 billion in monday morning repos,neutral,0
2019-10-11,google pulls hong kong protestor game from store,negative,-1
2019-10-12,wall street week ahead for the trading week beginning october 14th 2019,neutral,0
2019-10-15,investing in sp500 etf,neutral,0
2019-10-21,would you give up google for 17000 a year the federal reserve wants to know,neutral,0
2019-10-27,californias governor wants berkshire to bid for bankrupt pgampe,neutral,0
2019-10-29,google owner alphabet in bid to buy fitbit,neutral,0
2019-10-30,microsofts github blocks catalan protest app  october 29th 1929 the last day of the stock market crash that would become known as black tuesday,negative,-1
2019-11-01,google to acquire fitbit valuing the smartwatch maker at about 21 billion,neutral,0
2019-11-02,berkshire profit hits a record as buffetts cash pile grows,positive,1
2019-11-05,microsoft tried a 4day workweek in japan productivity jumped 40,positive,1
2019-11-11,google secret project gathers health data of millions of americans wsj,neutral,0
2019-11-12,googles secret cache of medical data includes names and full details of millions  whistleblower,neutral,0
2019-11-14,salesforce announces its moving marketing cloud to microsoft azure  despite driving nearly double the speed limit charges dropped against offduty cop in crash that killed infant  amazon cites unmistakable bias in microsofts military cloud contract win,negative,-1
2019-11-20,police used google location data to find an accused bank robber he says thats illegal,neutral,0
2019-11-23,he picked the wrong house bodybuilder 82 fights breakin suspect,neutral,0
2019-11-25,considering buying these stocks,neutral,0
2019-11-30,archbishop of canterbury demands wife of us diplomat be extradited to uk anne sacoolas has admitted driving on wrong side of the road in crash that killed harry dunn,negative,-1
2019-12-02,us federal reserve considers letting inflation run above target,neutral,0
2019-12-03,google is no longer listening four fired workers file charges against tech giant,negative,-1
2019-12-04,fed pumps 701 billion in one day liquidity into financial market  what does this actually mean,neutral,0
2019-12-06,berkshire hathaway brkb  labor group accuses google of illegally firing workers to stifle unionism,negative,-1
2019-12-17,security engineer says google fired her for trying to notify coworkers of right to organize,negative,-1
2019-12-19,hedge fund manager kyle bass the feds gauge of inflation is a joke on the us population the bls shows that avg car prices are up 35 since 1980 39 years in 1982 the average car price in the us was 7000 in 2019 its 37185 the real inflation number is 500 or more on cars  suit police barged into kansas home beat man for no reason,neutral,0
2019-12-20,sp500 chart  uk charges us diplomats wife over teens death in crash,negative,-1
2019-12-21,boris johnson approves sale of uk defence company cobham to us private equity firm,neutral,0
2019-12-28,microsoft msft and apple aapl are now bigger than germanys entire stock market,neutral,0
2020-01-01,google veterans the company has become unrecognizable,negative,-1
2020-01-02,bear or bull market in 2020,neutral,0
2020-01-04,wall street week ahead for the trading week beginning january 6th 2020,neutral,0
2020-01-06,is it worth owning individual banks stocks as opposed to just owning berkshire hathaway stock,neutral,0
2020-01-09,tehran crash ticket mixup leaves ottawa man in terminal while his wife gets aboard doomed flight  facebook has decided not to limit how political ads are targeted to specific groups of people as google has done nor will it ban political ads as twitter has done and it still wont fact check them as its faced pressure to do  google ordered to turn over a year of jussie smollett emails data by judge  google is getting close to breaking amazon record as fastest to 1 trillion in market cap,neutral,0
2020-01-10,microsofts surging cloud business azure should terrify amazon analyst,negative,-1
2020-01-11,how do i properly short the dow sp500 and nasdaq,neutral,0
2020-01-14,will inflation continue to rise in the us what would that mean to your portfolio,neutral,0
2020-01-16,alphabet googles parent company hits trilliondollar market cap for first time,positive,1
2020-01-17,judge slashes 8 billion risperdal award against johnson amp johnson to 68 million,negative,-1
2020-01-18,in the stock market its become apple microsoft and alphabet vs everyone else  wall street week ahead for the trading week beginning january 20th 2020,neutral,0
2020-01-20,alphabet ceo backs temporary ban on facialrecognition microsoft disagrees  bought slack at 3441 down 345 and have been holding while everything else in the market has gone up and microsoft has started advertising their teams now with tv ads what are your thoughts on slack vs microsoft,neutral,0
2020-01-23,ft is inflation higher than central banks think  microsofts final windows 7 update kills desktop wallpaper,positive,1
2020-01-26,kobe bryant killed in helicopter crash in california,negative,-1
2020-01-28,why warren buffetts berkshire hathaway is a hot stock pick for millennials,neutral,0
2020-01-29,microsoft stock rises on revenue and earnings beat,positive,1
2020-02-03,company that owned helicopter in fatal kobe brant crash suspends operations,negative,-1
2020-02-08,how microsoft became the markets indispensable stock once again,neutral,0
2020-02-10,video appears to show oklahoma jail staff ignoring pleas from dying inmate,negative,-1
2020-02-14,warren buffetts berkshire adds kroger stock scales back on wells fargo goldman and bofa,neutral,0
2020-02-16,berkshire hathaway structure,neutral,0
2020-02-17,google announces it is winding down its free wifi service globally,negative,-1
2020-02-21,feds brainard calls for new strategy to boost inflation,positive,1
2020-02-22,berkshire annual letter out,neutral,0
2020-02-23,what has kroger got up their sleeve that made berkshire hathaway take a position in them  what if sp500 crashed and never recovered,neutral,0
2020-02-24,why does buffett always recommend sp500 instead of msci world,neutral,0
2020-02-28,if there was no coronovirus outbreak would we still be in a bull market  coronavirus crash wipes 5 trillion off world stocks,negative,-1
2020-02-29,how many sp500 index funds should i invest,neutral,0
2020-03-03,8 deputies accused of sharing photos of kobe bryants helicopter crash are facing administrative action,negative,-1
2020-03-05,google wins 179 million against former engineer who stole trade secrets and went to uber,negative,-1
2020-03-06,i wrote an algo that is keeping track of sentiment of financial headlines and plotted it vs sp500 for the past year ive attached the plots which are quite interesting,neutral,0
2020-03-07,avondale man sues after google data leads to wrongful arrest for murder,negative,-1
2020-03-09,whats your watch list,neutral,0
2020-03-13,pentagon reconsiders microsoft contract after amazon protest  bill gates leaves microsoft board,negative,-1
2020-03-14,google is now denying almost everything trump claimed about their involvement in the screening website during the press conference,negative,-1
2020-03-15,virgin atlantic boss urges boris johnson to sanction 75bn airline bailout,positive,1
2020-03-17,microsoft reveals details about its nextgeneration console xbox series x,neutral,0
2020-03-19,microsoft says teams communication app has reached 44 million daily users,neutral,0
2020-03-20,former google selfdriving engineer pleads guilty to trade secrets theft,neutral,0
2020-03-21,crash was not solely due to covid signs of a frothy euphoric manic bull market top,negative,-1
2020-03-28,warren buffetts berkshire hathaway has the cash to buy tesla starbucks or mcdonalds after the coronavirus selloff  markets insider,positive,1
2020-03-29,bogus coronavirus claims lead google play to finally give infowars the boot  tell me why i shouldnt dump all my life savings into microsoft msft,neutral,0
2020-03-30,todays premarket movers amp news monday march 30th 2020,neutral,0
2020-04-03,two children sue google for allegedly collecting students biometric data,negative,-1
2020-04-05,warren buffett is more likely to purchase an individual airline than sell all his airline positions  sp500 will go further down of 40 because of its pe,negative,-1
2020-04-09,we are entering a bull market,negative,-1
2020-04-13,what is the price of call options on sp500,neutral,0
2020-04-15,how much did the banks in the warren buffet portfolio lost if compared to sp500,neutral,0
2020-04-16,portfolio too diversified please rate,neutral,0
2020-04-17,im more scared today than i was in the crash,neutral,0
2020-04-18,berkshire will shut some businesses stay cautious in coronavirus typhoon munger tells wsj,neutral,0
2020-04-20,oil futures crash explained from various comments,neutral,0
2020-04-21,due to the covid19 pandemic the demand for refined petroleum products has disappeared as a result oil refineries have cut the production and purchase of crude oil leading to a crash in the oil markets,negative,-1
2020-04-22,dowsp500 tracker,neutral,0
2020-04-27,so guys wheres this crash,neutral,0
2020-04-28,google ceo tells employees return to office wont happen until at least june 1,negative,-1
2020-04-29,microsofts stock rises after company reports 15 sales jump,positive,1
2020-04-30,rates traders see fed stuck at zero or lower into 2024,negative,-1
2020-05-02,berkshire hathaway reports record firstquarter net loss of 4975 billion  buffets stock market indicator is signalling an imminent crash,negative,-1
2020-05-03,berkshire hathaways annual meeting amp the words of mrbuffet,neutral,0
2020-05-11,interpol issues wanted notice for wife of us diplomat sought over fatal uk car crash itv,negative,-1
2020-05-13,warren buffetts berkshire hathaway sold a big bank stock this week  buying berkshire now is cheap insurance,neutral,0
2020-05-14,exgoogle ceo employers shouldnt force workers to return under fear of losing their jobs,negative,-1
2020-05-15,lebanon central bank official probed over currency crash,negative,-1
2020-05-19,jnj  johnson amp johnson stops selling talcumbased baby powder,negative,-1
2020-05-24,high growth stocks for q2q3 2020,positive,1
2020-05-25,why did berkshire add 2 positions of spy amp voo,neutral,0
2020-05-26,where is this crash everyone keeps talking about,neutral,0
2020-06-02,berkshire b  thinking about withdrawing  into another stock  johnson amp johnson jnj breakdown  google is sued in us for tracking users private internet browsing,negative,-1
2020-06-06,states lean toward pushing to break up googleampx27s ad tech business,neutral,0
2020-06-07,update bpd confirms protester robert forbes has died due to injuries from crash,negative,-1
2020-06-08,the case for an uranium bull market and three companies well positioned to take full advantage of it  berkshire hathaway,positive,1
2020-06-10,looking for stocks like berkshire hathaway but smaller with higher returns  fed officials project no rate increases through 2022,positive,1
2020-06-11,help active sp500 puts,neutral,0
2020-06-13,boris johnson condemns racist thuggery of rightwing protesters in london  riot games executive resigns after abhorrent george floyd post  global stocks could soar 47 from current levels as recent selloff rejuvenates the bull market jpmorgan says,negative,-1
2020-06-14,assuming a crash is imminent what are you picking up to long hold,neutral,0
2020-06-16,a dollar crash is virtually inevitable  stephen roach,neutral,0
2020-06-17,how long can this welfare bull market last living off the fed before it tanks,neutral,0
2020-06-18,is the procter amp gamble company pg overvalued  pepsico inc pep breakdown,neutral,0
2020-06-22,google employees petition company to cancel police contracts,negative,-1
2020-06-25,plane crash around 40 pilots in pakistan have fake flying licences says aviation minister  volatility trades  which have caused major losses at hedge and pension funds alike  are the toxic subprime mortgages of the covid crash,negative,-1
2020-06-26,microsoft announces it is closing its retail stores permanently,negative,-1
2020-06-29,the fed bought debt in warren buffetts berkshire hathaway cocacola walmart and mcdonalds in its first spree of corporate bondbuying  the berkshire hathaway cult,neutral,0
2020-06-30,two florida officials fired for erasing faces of black firefighters from city mural  berkshire hathaway,negative,-1
2020-07-01,in unusual deal us treasury to acquire 30 percent of trucking company in exchange for 700 million loan said company is worth only 120 million however,neutral,0
2020-07-02,over 75000 sign petition to have marsha p johnson statue replace columbus monument,neutral,0
2020-07-05,warren buffetts berkshire buys dominion energy natural gas assets in 10 billion deal  warren buffetts berkshire buys dominion energy natural gas assets in 10 billion deal  deals berkshire hathaway buys dominion gas assets in 97 billion deal,neutral,0
2020-07-06,warren buffetts berkshire buys dominion energy natural gas assets in 10 billion deal,neutral,0
2020-07-09,what are some dividend funds that track the sp500  how to capture the consolidation of the sp500,neutral,0
2020-07-17,the balloon might pop feds corporate intervention spurs anxiety,positive,1
2020-07-19,how do investment firms and companies in general invest into stocks ex how does berkshire hathaway buy stock,neutral,0
2020-07-20,us accuses supplier for amazon apple dell gm microsoft of human rights abuses  the company whose tech helps power phones tablets and wearables is accused of helping chinas campaign against uighurs  noisy black lives matter supporters crash pro police rally at civic center park bring it to an end,negative,-1
2020-07-22,microsoft earnings are out  here are the numbers,neutral,0
2020-07-25,wall street week ahead for the trading week beginning july 27th 2020,neutral,0
2020-07-27,google sued for allegedly misleading consumers to sign away their privacy,negative,-1
2020-08-04,microsoft reveals more details about its netflix for games service launching sept 15,neutral,0
2020-08-05,microsoft could buy tiktok for as much as 30 billion  the fed is expected to make a major commitment to ramping up inflation soon,positive,1
2020-08-08,buffett buys back record 51 billion in berkshire stock as coronavirus hits operating earnings  city of la mesa says officer involved in controversial arrest of amaurie johnson is no longer employed by city,negative,-1
2020-08-14,berkshire just bought into barrick gold,neutral,0
2020-08-18,the sp500 always goes up what about the inflation adjusted sp500 ,neutral,0
2020-08-24,teslas market cap drives past walmart procter and gamble and home depot  fed study finds virus is a powerful downward drag on inflation,negative,-1
2020-08-25,kenosha delayed body cameras for years before blake shooting,neutral,0
2020-08-26,deal of a decade how buying tiktok could transform microsoft,neutral,0
2020-08-27,walmart is teaming up with microsoft on tiktok bid  fed unanimously approves shift on inflation goal ushering in longer era of low rates,positive,1
2020-08-28,how i applied buffets strategies to my own portfolio 70 networth beat sp500 by 40,positive,1
2020-08-31,warren buffetts berkshire hathaway buys stakes in japans five leading trading companies  buffetts berkshire wagers 6 billion on japan trading firms  walmart microsoft stocks fall as chinas new export rules throw wrench into potential deal for tiktok,negative,-1
2020-09-04,pentagon reaffirms microsoft as winner of disputed jedi deal,neutral,0
2020-09-08,warren buffetts berkshire hathaway to buy 250 million worth of snowflakes shares in private placement,neutral,0
2020-09-09,snowflake ipo gets vote of confidence as berkshire salesforce agree to buy shares,positive,1
2020-09-10,russian hackers target us election again says microsoft,negative,-1
2020-09-12,wall street week ahead for the trading week beginning september 14th 2020,neutral,0
2020-09-16,microsoft raises dividend by about 10,positive,1
2020-09-21,microsoft acquires zenimax media and fallout maker bethesda for 75 billion,neutral,0
2020-09-23,johnson amp johnson begins large trial of its oneshot vaccine,neutral,0
2020-09-25,cloud gaming battle heats up as amazon enters the ring to take on microsoft and google,neutral,0
2020-09-28,microsoft 365 suffers outage across the us,negative,-1
2020-09-30,google plans to close loophole that allows netflix spotify and tinder to avoid paying its 30 app tax,neutral,0
2020-10-12,market recap  monday october 12 please enjoy,neutral,0
2020-10-14,bronze statue of ruth bader ginsburg to be unveiled in brooklyn during womens history month,neutral,0
2020-10-17,wall street week ahead for the trading week beginning october 19th 2020,neutral,0
2020-10-20,us to accuse google of protecting illegal monopoly  us poised to sue google tuesday in landmark antitrust case  berkshire hathaway to pay 41 million to settle alleged iran sanctions violations,negative,-1
2020-10-21,chrome wont clear your google and youtube data  even if you tell it to,neutral,0
2020-10-22,microsoft to buy jet fuel made with waste oil for alaska airlines in climate pledge,neutral,0
2020-10-23,beating expectations is meeting expectations,positive,1
2020-10-24,aapl receives 10b a year from goog to make googles homepage the default page on safari,neutral,0
2020-10-29,what to do for voo and other sp500 index  youtube brings in 5 billion in ad revenue as alphabet and google bounce back,positive,1
2020-10-30,vanguard sp500 index vfiax not tracking sp500,neutral,0
2020-11-06,alibaba cloud growth outpaces amazon and microsoft as chinese tech giant pushes for profitability,positive,1
2020-11-08,warren buffetts berkshire hathaway bought back a record 9 billion in stock in the third quarter,neutral,0
2020-11-13,microsoft russian north korean hackers target vaccine work,negative,-1
2020-11-16,warren buffetts berkshire loads up on pfizer other pharma stocks in q3 exits costco,neutral,0
2020-11-19,what actually has to happen when tsla joins the sp500 not stock price speculation,neutral,0
2020-11-26,tesla has surged past 525 billion in market value and could soon overtake warren buffetts berkshire hathaway heres why thats astounding,neutral,0
2020-11-27,tesla flips berkshire hathaway by market cap,neutral,0
2020-11-28,wall street week ahead for the trading week beginning november 30th 2020,neutral,0
2020-11-29,is it safe to hold longterm shares in this bull market  can big sp500 index funds like vanguard and fidelity buy tsla before 1221,neutral,0
2020-11-30,isnt this a bubble sp500  google alphafold solves 50yearold grand challenge with protein folding ai,neutral,0
2020-12-03,google violated us labor laws in clampdown on worker organizing regulator says,negative,-1
2020-12-04,google workers mobilize against firing of top black female executive,negative,-1
2020-12-14,wall street is preemptively positioning retail investors as a scapegoat for the cause of the next crash  its not just you gmail youtube play store and other google services are having an outage in some regions,negative,-1
2020-12-17,exclusive microsoft breached in suspected russian hack using solarwinds sources,negative,-1
2020-12-18,microsoft discovers 40 customers targeted in massive hack campaign  fubotv stock  signs of an irrational bull market fubotv fubo  intel falls on report microsoft plans to design own chips for pcs and servers,negative,-1
2020-12-22,microsoft google cisco dell join legal battle against hacking company nso  no market crash anytime sooner  coronavirus vaccine will still protect against new uk variant says who,positive,1
2020-12-25,russians are believed to have used microsoft resellers in cyberattacks,negative,-1
2020-12-26,person of interest identified in connection to nashville bombing,neutral,0
2020-12-28,sq sp500 addition,neutral,0
2020-12-31,california philanthropist charged with murder in hitandrun crash that killed 2 young brothers  microsoft says hackers viewed its source code,negative,-1
2021-01-02,faa notified after large blue ufo seen above oahu appeared to drop into ocean,negative,-1
2021-01-03,helpppp im trying to download sp500 stock returns,neutral,0
2021-01-04,haven the amazonberkshirejpmorgan venture to disrupt healthcare is disbanding after 3 years  hundreds of google employees unionize culminating years of activism,negative,-1
2021-01-05,haven the amazonberkshirejpmorgan venture to disrupt health care is disbanding after 3 years,neutral,0
2021-01-10,unpopular opinion everyone is a genius in a bull market,neutral,0
2021-01-11,microsoft puts political contributions on hold after capitol siege,negative,-1
2021-01-12,vshaped recovery is in tatters and wall street doesnt seem to care economist stephen roach,negative,-1
2021-01-13,despite rising yields 79 billion money manager believes inflation comeback worries are premature,positive,1
2021-01-14,a digital covid vaccination passport is being created by firms like microsoft and salesforce,neutral,0
2021-01-15,biden didnt talk about clean energy in his 19t stimulus plan clean energy stocks down a lot icln 539 tan 724 qcln 557 is the bull market for them over is it going to trade down or sideways this year  berkshire hathaway,negative,-1
2021-01-16,wall street week ahead for the trading week beginning january 18th 2021,neutral,0
2021-01-19,gm partners with microsoft to ramp up rollout of selfdriving cars  microsoft betting on gm driverless tech,positive,1
2021-01-21,girl 10 brain dead after taking tiktok blackout challenge  when the fed tapers the market will have a tantrum,negative,-1
2021-01-22,google says it will shut search engine in australia if forced to pay for news  bidens inflation danger,negative,-1
2021-01-25,google workers to form global union alliance,neutral,0
2021-01-26,the inevitable crash  microsoft reports 17 revenue growth as cloud business accelerates,positive,1
2021-01-30,what is keeping procterampgamble down learning to interpret a situation,neutral,0
2021-02-01,rochester mayor suspends police officers who peppersprayed 9yearold girl  as google eyes australia exit microsoft talks bing with pm  why is noone talking about a possible market crash,negative,-1
2021-02-03,gme short squeeze what comes next part 2,neutral,0
2021-02-04,johnson amp johnson requests emergency authorization from fda for covid vaccine,neutral,0
2021-02-05,goldman sachs says the bull market is still in the early stages,negative,-1
2021-02-08,us 30year bond yield hits 2 as inflation expectations rise  my friends think stocks are easy is this true or are they just the midst of the greatest bull market ever,neutral,0
2021-02-09,would pouring 100 of my market assekts into berkshire hathaway stock basically be the equivalent of owning a well managed mutual fund,neutral,0
2021-02-10,gme short squeeze what comes next part 3  the fed says us unemployment is actually about 10  nearly double the official rate and matching the worst of the great recession,negative,-1
2021-02-13,if everybodys a genius in a bull market and bull markets last an average of about 38 years shouldnt we be smooth sailing for a bit,neutral,0
2021-02-14,does anyone else think a catastrophic market crash is not coming anytime soon,neutral,0
2021-02-15,after shooting unrest wyoming gets its first black sheriff  what is berkshire hathaways mystery stock big investment by warren buffett could be disclosed tomorrow,neutral,0
2021-02-16,microsoft says it found 1000plus developers fingerprints on the solarwinds attack,neutral,0
2021-02-18,bullish on jnj  south dakotas attorney general charged in fatal crash,negative,-1
2021-02-23,lets not panic here  this selloff is a healthy market reaction to rising treasury yields  powells econ 101 jobs not inflation and forget about the money supply,neutral,0
2021-02-25,fed chair powell more than three years  let the bull market continue  gme short squeeze what comes next part 4,neutral,0
2021-02-26,atlantic city man charged in capitol attack boasted of urinating in pelosis office feds say  gme short squeeze what comes next part 5  sampp 500 is not going to crash for christs sake stop with the fearmongering about the doomsday coming,neutral,0
2021-02-27,how can everybody be so confident that the market wont crash  fda moves to approve johnson amp johnsons  jnj covid19 vaccine after board votes unanimously in favor of vaccine  st louis fed updated their m1 money supply tracker from weekly to monthly just now seems sus any explanations,neutral,0
2021-02-28,vanessa bryant calls on deputies who shared kobe bryant crash photos to be idd publicly,neutral,0
2021-03-01,all you need to know about jnjs vaccine,neutral,0
2021-03-02,new orleans catholics told to avoid johnson amp johnson vaccine on religious grounds  if predicting a crash was as easy as looking at historical pe ratio then wouldnt someone predict all the crashes,neutral,0
2021-03-05,berkshire hathaway,neutral,0
2021-03-06,should the majority or at least 50 of my portfolio be sp500 index  why the hell are people so afraid of a little inflation,neutral,0
2021-03-07,white house cites active threat urges action despite microsoft patch  google advised mental health care when workers complained about racism and sexism  french billionaire politician olivier dassault killed in helicopter crash,negative,-1
2021-03-08,fun ft read on the recent ev crash  advice literally the only times i have made large strides in my wealth are during a dipcrashrecession i cant be the only one excited,neutral,0
2021-03-09,deputies accused of sharing kobe bryant crash photos can be named judge rules,neutral,0
2021-03-10,los angeles millionaire is accused of covering up his teen sons involvement in a crash that killed a latina woman  sp500 and dividends for european,negative,-1
2021-03-11,world stock markets hit twoweek high as inflation worries moderate,negative,-1
2021-03-12,super bull market or bull trap  i havent seen so many bullish indicators in past 9 years of investing my money we in the mid of the secular bull market,neutral,0
2021-03-15,us covid19 deaths fall 22 last week daily vaccinations set record  sp500 dividends adjusted chart,negative,-1
2021-03-16,why would i buy berkshire,neutral,0
2021-03-18,why do people always seem to be saying the market will crash soon  us 10year treasury yield tops 17 as fed forecasts reverberate,negative,-1
2021-03-22,gen z is getting screwed by remote work microsoft survey finds,negative,-1
2021-03-23,microsoft is reportedly in talks to acquire messaging platform discord for more than 10 billion  why microsoft would want to acquire discord which is reportedly exploring a 10bplus sale  microsoft msft dd  sitting on a gold mine  microsoft in talks to buy discord for more than 10 billion,neutral,0
2021-03-24,boris johnson faces barrage of criticism for claiming greed is behind covid vaccine success,negative,-1
2021-03-26,microsoft closes 75 billion bethesda acquisition aiming to take on sony with exclusive games,neutral,0
2021-03-29,us companies sound inflation alarm,negative,-1
2021-03-31,johnson amp johnson covid19 vaccine is delayed by a us factory mixup ruining 15 million doses,negative,-1
2021-04-03,slssf bhp fcx vale amp rio  miners specifically copper are in a bull market of their own,negative,-1
2021-04-05,microsoft wins us army contract for augmented reality headsets worth up to 219 billion over 10 years  how to profit from a market crash,positive,1
2021-04-07,sp500 or nasdaq or dow or other etf,neutral,0
2021-04-10,whats with all the market crash sentiment  why own jnj over the sp500 or total market,neutral,0
2021-04-11,microsoft in talks to buy nuance,neutral,0
2021-04-14,johnson amp johnson vaccine use will remain paused in us amid evaluation,neutral,0
2021-04-15,berkshire hathaway a brka volume is 122x average,neutral,0
2021-04-17,google uses doubleirish to shift 754bn in profits out of ireland  wall street week ahead for the trading week beginning april 19th 2021,neutral,0
2021-04-18,best defensive stocks in a downturn wmt jnj,neutral,0
2021-04-19,experienced stock market people of reddit were you able to predict the stock market crash in 2008discussion  whats happening in the markets the week of april 19th 2021,neutral,0
2021-04-20,discord ends sale talks with microsoft  sources,negative,-1
2021-04-21,discord ends acquisition talks with microsoft,neutral,0
2021-04-23,after 30 years the nikkei japan stock market is still recovering after their crash what are the chances it could happen to the us,neutral,0
2021-04-24,17yearold lamborghini driver admits to vehicular manslaughter in fatal la car crash,negative,-1
2021-05-01,you can learn a lot about investing by reading annual reports or watching annual meetings if available online like berkshire hathaway today,neutral,0
2021-05-03,berkshire hathaway  one third of new yorkers fully vaccinated as covid positivity drops to new 6month low,negative,-1
2021-05-05,the 6 phase model of how this uranium bull market might unfold,neutral,0
2021-05-06,looking for something on the safer side with all this turmoil berkshire hathaway  up 10 this month and flying all year,neutral,0
2021-05-10,nasdaq v sp500dow  are we in the middle of a correction or signaling to a crash,negative,-1
2021-05-11,sofi debuts new weekly dividend stock etf wkly  us stocks tumble amid inflation concerns  not a good idea to sell off on a crash day,negative,-1
2021-05-12,inflation explained like youre five,neutral,0
2021-05-13,a couple of questions,neutral,0
2021-05-15,nyc pride will take steps to keep police out of parade and events  sp500 pe 44 vs smh pe 36 are they too high,neutral,0
2021-05-16,how black scholes precipitated the 1987 black monday crash,neutral,0
2021-05-17,bill gates left microsoft board amid inquiry into relationship with employee,negative,-1
2021-05-19,employees at plant that ruined millions of jampj covid vaccine doses failed to shower change clothes,negative,-1
2021-05-20,over 800 billion wiped from the global crypto market after bitcoin crash,negative,-1
2021-06-03,analysis punk nation argentina inflation soars as hazy future drives price hikes,negative,-1
2021-06-04,microsoft bing raises concerns over lack of image results for tiananmen tank man,negative,-1
2021-06-05,microsoft wins us antitrust okay for 16 billion purchase of nuance,positive,1
2021-06-11,us inflation climbs to highest rate since 2008  inflation is actually in the norm for the decade,positive,1
2021-06-12,why invest in berkshire hathaway,neutral,0
2021-06-13,cnbc microsoft employees slept in data centers during pandemic lockdown exec says  berkshire hathaways investments which do you disagree with most if at all,neutral,0
2021-06-16,opinion  how to have a roaring 2020s without wild inflation,neutral,0
2021-06-21,feds powell sees sustained improvement in economy notable rise in inflation,positive,1
2021-06-23,buffett has now given half of his berkshire shares to charity announces resignation from gates foundation,negative,-1
2021-06-25,us inflation likely to remain elevated for up to four years  bofa  key inflation indicator posts biggest yearoveryear gain in nearly three decades,positive,1
2021-06-27,tour de france to sue fan who caused mass crash during stage 1,negative,-1
2021-06-28,spectator who caused massive crash at tour de france missing after fleeing the country  french far right beaten in regional elections,negative,-1
2021-06-29,who truly believes a crash is coming this year and what are you doing about it,neutral,0
2021-06-30,police find and arrest spectator who caused mass tour de france crash,negative,-1
2021-07-06,inflation is the silent killer as many retirees are feeling the sting  is anyone else sick and tired of seeing all the people predicting a market crash  pentagon cancels 10 billion jedi cloud contract that amazon and microsoft were fighting over  inflation is the silent killer as many retirees are feeling the sting  boris johnson says england on track to lift covid restrictions and rules on maskwearing,negative,-1
2021-07-07,placing 50000 into sp500 all at once  trump sues twitter google and facebook alleging censorship  microsoft issues urgent security warning update your pc immediately,negative,-1
2021-07-13,dollar tiptoes toward inflation powell testimony,positive,1
2021-07-14,feds powell says economy a ways off from bond taper inflation to ease,positive,1
2021-07-17,if market crashes due to a restrictions from the delta variant will the inflation fud people try to claim the crash like michael burry,negative,-1
2021-07-19,microsoft exchange email hack was caused by china us says,negative,-1
2021-07-20,china says microsoft hacking accusations fabricated by us and allies,negative,-1
2021-07-23,wall street week ahead for the trading week beginning july 26th 2021,neutral,0
2021-07-26,looking to invest,neutral,0
2021-07-27,the continued bull market hypothesis  microsoft beats earnings and revenue expectations as the company releases q2 report,positive,1
2021-07-28,google will require vaccinations for employees returning to the office,neutral,0
2021-07-29,fed holds rates near zero says economy has gotten better even with pandemic worries,positive,1
2021-07-30,key inflation indicator up 35 year over year in june for fastest gain since 1991,positive,1
2021-08-04,nursing home to workers get vaccine or lose your job,negative,-1
2021-08-05,third covid vaccine shot for people with weakened immune systems very high priority fauci says,positive,1
2021-08-07,berkshire hathaway brk earnings q2 2021 has beem released,neutral,0
2021-08-10,pay cut google employees who work from home could lose money,negative,-1
2021-08-11,inflation rises 54 percent in july as fed white house navigate economic recovery,positive,1
2021-08-13,spdr chart etf sp500 etf trust 2009 volume comparison,neutral,0
2021-08-17,25 of my portfolio is msft aapl and googl am i in trouble,neutral,0
2021-08-19,david woo argues that covid19 is a negative supply shock and inflation is here to stay,negative,-1
2021-08-21,team transitory is proving the fear mongers wrong and winning the battle over inflation  if 2008 like crash happens what are few things one should avoid doing ,neutral,0
2021-08-22,why have so many stock youtubers gone from stock picking videos in janfeb 2021 to now making stock market crash videos,neutral,0
2021-08-25,ontario teachers pension plan looks at commodities for hedge against inflation  apple microsoft and amazon chiefs to meet biden over critical infrastructure cyber attacks  zdnet,neutral,0
2021-08-26,microsoft warns thousands of cloud customers of exposed databases  could we see another crash like the 1990 japanese one,negative,-1
2021-08-27,white house more than doubles its inflation forecast in new update  inflation rate hits 30year high pce shows as us confronts major shortages,positive,1
2021-08-28,taper tantrum 2013 i see nothing on sp500 chart  microsoft vs facebook,neutral,0
2021-08-29,how does 5 inflation change your thinking,neutral,0
2021-09-02,interesting sp500 strategy,neutral,0
2021-09-04,alert match group tinder joins sp500 and microstrategy gets removed from sp600,neutral,0
2021-09-09,european central bank slows its bond purchases as inflation surges,negative,-1
2021-09-10,will the bull market continue if bidens build back better plan gets signed into law,neutral,0
2021-09-12,why is every other post here hinting at some huge market crash,neutral,0
2021-09-13,producer inflation accelerated in august as wholesale prices rose record 83 from a year ago,positive,1
2021-09-14,inflation rises 53 percent in august over last year easing slightly,positive,1
2021-09-15,microsoft announces share buyback of up to 60 billion ups dividend  microsoft announces share buyback and increase of dividends,positive,1
2021-09-20,is it better to keep money in the market through a crash or pull out when you can,neutral,0
2021-09-24,costco nike and fedex are warning theres more inflation set to hit consumers as holidays approach  what is a stock that you believe will crash and burn,negative,-1
2021-09-25,costco nike and fedex are warning theres more inflation set to hit consumers as holidays approach  will amazon and google ever split their stock why and why not  covid19 may impair mens sexual performance,negative,-1
2021-09-28,the point of economy situation right nowsp500 bearish weekly divergence mfirsi and evergrande,negative,-1
2021-09-29,slovenia suspends johnson vaccine over death of 20yearold,negative,-1
2021-09-30,google is most searched word on bing google says,neutral,0
2021-10-01,inflation gauge hits highest since 1991 as americans spend more  core inflation rose 36 in august its biggest jump in 30 years,positive,1
2021-10-05,lars vilks muhammad cartoonist dies in car crash while under police protection sweden,negative,-1
2021-10-07,microsoft russia behind 58 of detected statebacked hacks,neutral,0
2021-10-08,google youtube ban ads on climate misinformation,negative,-1
2021-10-10,central bankers are spooked by signs that inflation is lingering for longer  allen west texas gop gubernatorial candidate has covid,negative,-1
2021-10-11,accountant cleared of drink driving after claiming she guzzled vodka after crash,negative,-1
2021-10-13,cathie wood says exodus from highcost cities will push down inflation  us inflation rate rises to 13year high of 54,positive,1
2021-10-14,microsoft to shut down linkedin in china  prepare your portfolio for extended inflation,neutral,0
2021-10-15,us wholesale inflation surges to another record  business and economy news  wall street week ahead for the trading week beginning october 18th 2021,positive,1
2021-10-16,rising rents are fueling inflation posing trouble for the fed,negative,-1
2021-10-17,the johnson amp johnson onedose vaccine offers good protection now a booster shot will maximize that experts say,positive,1
2021-10-18,cloudflare net collaborates with microsoft and major search engines to help improve websites search results  dollar wavering as global inflation surges  1018 mondays premarket stock movers amp news,negative,-1
2021-10-19,wsu head football coach nick rolovich fired after refusing to get covid19 vaccine  1019 tuesdays premarket stock movers amp news,negative,-1
2021-10-20,1020 wednesdays premarket stock movers amp news  here is a market recap for today wednesday october 20 2021,neutral,0
2021-10-23,investors bet inflation pressures will linger  suppose there is a stock market crash rivaling that in 1929,negative,-1
2021-10-26,microsoft earnings are out  here are the numbers,neutral,0
2021-10-29,microsoft passes apple to become the worlds most valuable company  microsoft becomes most valuable company in the world,positive,1
2021-10-31,investors buy oil on inflation fears pushing prices even higher,negative,-1
2021-11-01,central banks fuel new bets on tighter money as inflation rises globally,negative,-1
2021-11-02,european sp500 etf to hold for 3040 years without having to sell  higher inflation will push americans back to work and cool speculative markets,positive,1
2021-11-03,fed unveils bondbuying taper holds to transitory inflation belief,negative,-1
2021-11-10,biden to visit baltimore port amid supply chain inflation woes  us inflation reached 30year high in october  us consumer prices spiked 62 percent in past year highest inflation rate since 1990,positive,1
2021-11-11,im a importer in my point of view the true cost of inflation isnt theres too much money its because,neutral,0
2021-11-12,meta and microsoft announce partnership to integrate workplace and teams  this bull market is like any other or is it  how will this bull market run end,neutral,0
2021-11-22,biden picks jerome powell to lead the fed for a second term as the us battles covid and inflation,neutral,0
2021-11-24,fed members ready to raise interest rates if inflation continues to run high  why does swppxsp500 tracing perform less well than sp500 index,negative,-1
2021-11-29,what was it like near the peak of the dot com bubble and 2008 crash,neutral,0
2021-11-30,jerome powell wants to retire the word transitory to describe inflation  fed chairman jerome powell warns congress that inflation may keep rising next year  powell signals federal reserve bondbuying program could end sooner as inflation persists,negative,-1
2021-12-02,suspect in deadly waukesha holiday parade crash says he feels demonized  second us case of omicron linked to new york anime convention,negative,-1
2021-12-04,why is marvell not in sp500  crypto crash 570 billion wiped off market cap after major selloff over regulation fears,negative,-1
2021-12-06,uk police contacted over report of cocaine use in parliament,negative,-1
2021-12-07,if youre speculating about a market crash stop investing subs have been infested w people whove been in the market less than 5 yrs  we are 2 away from ath and going up,negative,-1
2021-12-09,should we concern that sampp500 is mainly controlled by a few companies apple and microsoft alone makes up 13,neutral,0
2021-12-10,inflation surged 68 even more than expected in november to fastest rate since 1982  inflation surged 68 in november even more than expected to fastest rate since 1982,positive,1
2021-12-11,bill ackman says reported inflation is understated,negative,-1
2021-12-14,will inflation kill growth stocks,negative,-1
2021-12-15,fed doubles pace of tapering warms up to rate hikes in 2022 as inflationary pressures rise  value vs growth warren buffetts berkshire beats cathie woods ark innovation  could we see a period of small and midcaps outperforming the sp500,positive,1
2021-12-16,why jerome powell pivoted on inflation,neutral,0
2021-12-18,us panel recommends jampj shots be sidelined after clot deaths,neutral,0
2021-12-19,food suppliers blame inflation for price hikes lawmakers say theyre padding the bill  tom lee calling for sp500 19000,negative,-1
2021-12-22,sp500 to 2800 in 2022 should in my roth  what happens to google if the doj blocks google from paying apple 15b a year to be the default search engine on ios devices,negative,-1
2021-12-23,microsoft msft to acquire atampts xandr advertising platform,neutral,0
2021-12-27,colorado da asking court to reduce 110year sentence for trucker in fatal crash to 2030 years  debating between googl and tsla minimum 5year hold,neutral,0
2021-12-31,pelosis husband bought google disney call options that would pay off if bull market continues  economists boost us inflation forecasts through end of 2022,positive,1
2022-01-02,too many of you have never experienced a stock market crash and it shows,negative,-1
2022-01-03,turkeys inflation hits 36 amid financial turmoil,negative,-1
2022-01-06,what is the best etf outside the us that tracks sp500,neutral,0
2022-01-10,why didnt the fed combat inflation and being tapering earlier,neutral,0
2022-01-12,2021 is expected to rank as biggest year for inflation in four decades  inflation rises 7 over the past year to the highest level since 1982,positive,1
2022-01-13,why did spy drop today so much wasnt inflation news priced in yesterday,neutral,0
2022-01-16,inflation is transitory change my mind,neutral,0
2022-01-18,activision shares soar 37 on report microsoft will buy the video game giant  if microsoft is buying activision at 95 dollars a share how come the share price has risen to only 80 dollars  tesla driver charged with vehicular manslaughter over fatal autopilot crash  goldman ceo says he sees real wage inflation everywhere after 33 jump in pay expenses  microsoft to buy video game maker activision blizzard in 687bn deal  microsoft to buy activision blizzard for 687 billion,negative,-1
2022-01-19,microsoft is bigger than google amazon and facebook but now lawmakers treat it like an ally in antitrust battles  119 wednesdays premarket stock movers amp news  surging food prices push inflation to 30year high  microsoft deal to deliver 390 million payday for activisions embattled ceo,negative,-1
2022-01-20,dont regret selling your stocks early inflation will eat your cash,negative,-1
2022-01-21,an hour before dwi crash hennepin county sheriff called for a ride to a bar hennepin county sheriff david hutchinson was driving 126 mph and was not wearing a seatbelt when he crashed,neutral,0
2022-01-22,the market isnt going to crash  discussion the market crash has already happendis happening right now,neutral,0
2022-01-25,microsoft earnings are out  here are the numbers,neutral,0
2022-01-26,it seems some are confusing a crash or correction for a bear market  when to invest my savings in sp500 cant dca,neutral,0
2022-01-28,high inflation to stick this year denting global growth reuters poll,negative,-1
2022-01-30,jeremy grantham calling for a 50 crash of the super bubble,neutral,0
2022-02-03,warren buffetts berkshire hathaway is now bigger than meta  crash one company at a time,neutral,0
2022-02-04,warren buffett is now richer than mark zuckerberg after tech titan lost 31 billion following metas stock crash  microsoft holo lens reportedly cancelled 15 microsoft employees join meta to work on vr,negative,-1
2022-02-06,modern monetary theory got a pandemic tryout inflation is now testing it  what happens if google apple or microsoft have an earnings miss,neutral,0
2022-02-07,google down 7 from its postearning jump,negative,-1
2022-02-08,us banks outlook is positive with loan growth and rate hikes in view,positive,1
2022-02-10,us inflation jumped 75 in the past year a 40year high  inflation rises 75 over the past year even more than expected  inflation rises 75 over the past year even more than expected and the highest since 1982  january consumer inflation expected to rise by 72 the highest since 1982  final stage of the bull market david hunter,positive,1
2022-02-11,the fed needs to fix inflation at all costs  why is there so much inflation what happened,neutral,0
2022-02-14,buffetts berkshire bought about 1 billion worth of activision shares before microsoft deal,neutral,0
2022-02-15,buffetts berkshire bought about 1 billion worth of activision shares before microsoft deal  in 2014 when russia attacked ukraine there was absolutely no crash in the market why would now be any different  is it good when a sp500 company aquires and sp500 company  inflation is at its highest in 40 years heres how raising interest rates could help  us core inflation much higher than eurozones says ecb,neutral,0
2022-02-16,google announces privacy changes to android that will limit user data  google plans privacy change similar to apples which wiped 230 billion off facebooks market cap,neutral,0
2022-02-17,weve had a run on champagne biggest uk banker bonuses since financial crash,negative,-1
2022-02-18,bullard says fed may need to raise rates above 2 to curb prices,positive,1
2022-02-19,what are the chances that a new search engine or platform can take away significant market share from google in the next 510 years,neutral,0
2022-02-21,wilshire 5000 or sp500  to the veterans who went through the 2008 housing crash andor the 2001 dot com crash  is berkshire b selling at a markup,neutral,0
2022-02-22,an obscure corner of wall street is making billions trading inflation  what triggered the dot com crash,neutral,0
2022-02-25,key inflation gauge hit 61 in january highest since 1982,positive,1
2022-02-26,warren buffetts annual letter and berkshire earnings,neutral,0
2022-02-27,us inflation is at a 40year high russias war will only make it worse,negative,-1
2022-02-28,google temporarily disables google maps live traffic data in ukraine,negative,-1
2022-03-03,google tells employees in bay area and other us locations to return to offices in april  on this day 13 years ago barack obama almost perfectly calls the bottom of the stock market before the longest bull market in us history,neutral,0
2022-03-04,microsoft suspends product sales and services in russia,negative,-1
2022-03-06,yield curve recession signal intensifies as war fuels stagflation fears,negative,-1
2022-03-07,2000 goldgold always follows crude oil commodity bull market  google apple twitter reveal return to office policies,neutral,0
2022-03-08,most us workers took an inflation pay cut in 2021  as inflation heats up 64 of americans are now living paycheck to paycheck,negative,-1
2022-03-09,report microsofts activision blizzard deal being investigated for insider trading  how low do you think the sp500 will go this year,neutral,0
2022-03-11,treasury secretary janet yellen says americans will likely see another year of very uncomfortably high inflation  berkshire hathaway brka continues to set ath each month since november 2021,negative,-1
2022-03-13,i dont understand why inflation is such a threat to stocks ,neutral,0
2022-03-14,how is this not considered a crash,neutral,0
2022-03-15,can someone explain how a 025 rate increase actually helps fight inflation  two days after the fed assured you the usd would remain the worlds reserve currency saudis consider purchasing oil in yuan  british columbia becomes first jurisdiction to tie minimum wage increases to inflation on june 1 minimum wage will go up to 1565 up 45 cents,neutral,0
2022-03-16,fed hikes rates signals aggressive turn against inflation,positive,1
2022-03-17,doritos bags will now have 5 fewer chips thanks to inflation  racism cited as factor in police strip search of girl 15 at london school  buffett watch warren buffett scoops up another 1 billion in occidental shares bringing total stake to 7 billion,neutral,0
2022-03-21,powell says inflation is much too high and the fed will take necessary steps to address  berkshire hathaway announces acquisition of alleghany for 116 billion  powell says fed could raise rates more quickly to tame inflation,positive,1
2022-03-22,remember my fellow accumulators john bogle said we should want a 50 market crash,neutral,0
2022-03-23,uk inflation jumps to a 30year high of 62 intensifying the costofliving crisis business insider,positive,1
2022-03-24,south korean central bank governor nominee rhee says inflation economic risks mounting  tesla google apple amazon spotify whats the next stock of a decade,neutral,0
2022-03-26,investing in stocks like berkshire brkb markel mkl or danaher dnh vs index etfs,neutral,0
2022-03-29,justice department backs antitrust bill targeting apple amazon google,negative,-1
2022-04-01,where to invest company roth ira 401k when i already invest in sp500 and total us market,neutral,0
2022-04-06,the fed has more money on its balance sheet 89 trillion then the total value of all 401ks in the united states 73 trillion as of 921,neutral,0
2022-04-07,hps stock rockets after berkshire hathaway reveals 11 stake,negative,-1
2022-04-12,smallbusiness owners say inflation has become a bigger problem than the labor shortage  consumer price inflation hit a new 40year high in march  south dakota attorney general jason ravnsborg impeached over fatal crash,negative,-1
2022-04-13,peru waives taxes on essential food items to combat inflation  out of nvda googl and msft which one do you think will have the best future in the next five years,positive,1
2022-04-14,ls it silly to invest in both the sp500 and a world index etf investment  wall street week ahead for the trading week beginning april 18th 2022  amazon is adding a 5 fuel and inflation surcharge,neutral,0
2022-04-15,ecb confirms the end of its bond buying in the third quarter as inflation surges  any adjustments to the key ecb interest rates will take place some time after the end of the governing councils net purchases under the app and will be gradual the bank said in a statement,neutral,0
2022-04-16,sp500 pricetosales ratio,neutral,0
2022-04-18,carjacker beats up 72yearold takes car only to die in crash police say  jim cramers 0414 mad money stock recommendations,neutral,0
2022-04-20,420 wednesdays premarket stock movers amp news,neutral,0
2022-04-21,421 thursdays premarket stock movers amp news  new zealand shoppers order groceries from australia as inflation soars,negative,-1
2022-04-22,bank of canada not ruling out larger rate increases to fight inflation,positive,1
2022-04-24,google meta and others will have to explain their algorithms under new eu legislation,neutral,0
2022-04-25,suspect in crash that killed seattle pedestrian identified as auburn police officer,neutral,0
2022-04-26,what would everyones goto stocks be after a market crash  microsoft earnings are out  here are the numbers,neutral,0
2022-04-28,which is the better buy at these levels amzn or googl,neutral,0
2022-04-29,official as of today since the 2014 inception of arkk the etf has now underperformed berkshire hathaway,positive,1
2022-04-30,warren buffett says berkshire owns 95 of activision blizzard shares in merger arbitrage bet,neutral,0
2022-05-01,dutch dockers refuse to unload ship with russian diesel cargo,negative,-1
2022-05-02,hot takes from berkshirehathaway shareholder meeting  european stock market flash crash this morning  fed to fight inflation with fastest rate hikes in decades  fed to fight inflation with fastest rate hikes in decades,neutral,0
2022-05-03,very very unlikely the fed can tame inflation without sparking a recession former ny fed chief says  cnn,negative,-1
2022-05-04,fed hikes rates halfpoint will shrink assets to curb inflation  fed hikes rates halfpoint powell signals similar moves coming,neutral,0
2022-05-05,the best thing that can happen in your 20s and 30s is a stock market crash  risky fourth straight rate hike expected from bank of england as inflation soars,negative,-1
2022-05-06,berkshire buys more occidental shares earlier this week boosts stake to 152  til sp500 beats arkk in 5 year period  inflation in turkey soars to eyepopping near 70 percent in april,positive,1
2022-05-10,has there every been any backstudies on how accurate analysts epsrev are before released or even on the sp500 as a whole,neutral,0
2022-05-11,how are we not considered to be in a crash yet   when buying the dip doesnt work an analysis of the dotcom crash,neutral,0
2022-05-12,powell says fed will fix inflation calls price stability bedrock of economy  disneys streaming growth counters netflix dip yet inflation looms  how far will the sp500 fall seriously,negative,-1
2022-05-13,i needed to see this market crash,neutral,0
2022-05-14,whats some advice you can give during a bull market,neutral,0
2022-05-16,gates foundation exits alphabet pares microsoft walmart berkshire holdings,neutral,0
2022-05-18,uk inflation soars to 9 the highest level in more than 40 years  chinese plane crash that killed 132 caused by intentional act us officials,positive,1
2022-05-21,inflating equity inflations impact on financial statements and roe,negative,-1
2022-05-23,googl dip after hours,neutral,0
2022-05-24,boris johnson pictured drinking at no 10 lockdown event,neutral,0
2022-05-25,congressional budget office says inflation to last into 2023,neutral,0
2022-05-27,the feds preferred inflation gauge rose 49 in april in a sign that price increases could be slowing,positive,1
2022-05-29,tracking tool sp500 to upro,neutral,0
2022-05-30,goldman says signs that inflation is peaking could be positive for stocks,positive,1
2022-06-02,treasury secretary janet yellen admits she was wrong about inflation,neutral,0
2022-06-03,flash crash set off by fatfingered citigroup trader could cost 50m,negative,-1
2022-06-06,google is a better long term hold than microsoft,positive,1
2022-06-07,onlyfans says its not seeing a netflixlike slowdown in subscribers despite rising inflation,negative,-1
2022-06-09,police shoot man aggressively trying to get into alabama elementary school official say,negative,-1
2022-06-10,inflation rose 86 in may highest since 1981  janet yellen rejects idea corporate greed is to blame for inflation  us inflation unexpectedly accelerates to 40year high of 86,positive,1
2022-06-12,google engineer put on leave after saying ai chatbot has become sentient,negative,-1
2022-06-13,a fed rate hike of 75 basis points is a done deal for traders,positive,1
2022-06-14,markets brace for 100point fed rate hike as inflation roars to new high,positive,1
2022-06-15,us faces a fedtriggered recession and bidens presidency may not survive  fed hikes rates 75 basis points intensifying inflation fight  janet yellen is struggling at the treasury job she never wanted,negative,-1
2022-06-16,feds inflation fight spells pain ahead for tight labor market  bank of england hikes rates for the fifth time in a row as inflation soars  bank of england raises interest rates to 125 to tackle inflation,positive,1
2022-06-17,euro zone inflation confirmed at record high 81 in may,positive,1
2022-06-19,feds inflation battle to strip workers of rare bargaining power  questions about investing in berkshire hathaway,neutral,0
2022-06-21,kellogg to split into three independent companies,neutral,0
2022-06-22,uk inflation hits 91 in may,negative,-1
2022-06-23,warren buffets berkshire hathaway has bought 96 million more occidental petroleum corporation shares  powell says his commitment to fight inflation is unconditional get ready for a recession,neutral,0
2022-06-27,23 million californians to get up to 1050 in inflation relief checks,positive,1
2022-06-29,us fcc commissioner wants apple and google to remove tiktok from their app stores,negative,-1
2022-06-30,police sweep google searches to find suspects the tactic is facing its first legal challenge,negative,-1
2022-07-01,since november of 2021 total worth of my sp500 etf has not changed  gold wall streets favorite hedge against inflation is being weighed down by rising bond yields and a strengthening dollar despite persistent inflation and market turmoil  sri lankas inflation rate exceeds 50 for the first time since 1954,negative,-1
2022-07-02,nft sales hit 12month low after cryptocurrency crash  im not a doomer just realistic this isnt a crash and this is very mild for a bear market,negative,-1
2022-07-03,13yearold driving stolen car while livestreaming causes crash that kills passenger  wset,negative,-1
2022-07-04,inflation soars to nearly 80 in turkey as food prices double,positive,1
2022-07-05,citi warns oil may collapse to 65 by the yearend on recession  what if i bought google stocks after july 1 and before july 15,negative,-1
2022-07-07,polis signs executive order stating colorado wont cooperate with other states abortion investigations,neutral,0
2022-07-08,june jobs report us economy adds 372000 jobs unemployment rate steady at 36,negative,-1
2022-07-11,looking to buy into market now have been sitting on cash since the crash what do you think of my planned buys,neutral,0
2022-07-13,us inflation hits new fourdecade high of 91  inflation rose 91 in june even more than expected as price pressures intensify,positive,1
2022-07-14,activision is 7578 a share its most likely going to be bought by microsoft for 95 a share,neutral,0
2022-07-15,can someone explain why the stock markets pumped since the worse than expected 91 inflation report  millennials are to blame for skyhigh inflation strategist says  how the fed bond binge predictably stoked inflation,negative,-1
2022-07-18,the stock market is poised for a summer relief rally driven by lower oil prices no economic recession and a rollover in inflation,positive,1
2022-07-19,whats the name of this crash,neutral,0
2022-07-20,mortgage demand drops to a 22year low as higher interest rates and inflation crush homebuyers,negative,-1
2022-07-21,japans inflation stays above bojs target for 3rd straight month  the european central bank could be about to go big on its first rate hike in 11 years,negative,-1
2022-07-22,the fed must emulate the tactics of volckers fight against inflation,neutral,0
2022-07-23,blake lemoine google fires engineer who said ai tech has feelings,neutral,0
2022-07-25,recession not likely is the new inflation is transitory  massive week for the marketsheres whats in store,neutral,0
2022-07-26,imf slashes global growth forecast and raises inflation projections  microsoft earnings are out  here are the numbers,neutral,0
2022-07-27,fed hikes interest rates by 075 percentage point for second consecutive time to fight inflation  top federal reserve officials say they misread inflation and now plan to correct the course  fed hikes interest rates by 075 percentage point for second consecutive time to fight inflation,negative,-1
2022-07-28,gdp fell 09 in the second quarter the second straight decline and a strong recession signal,negative,-1
2022-07-29,the fed vowed to crush inflation with higher rates then the stock market rallied heres why its not good news interesting read  729 fridays premarket stock movers amp news,neutral,0
2022-07-30,fed now doing damage control with nyt hitpiece after realizing that jpows dovish statement will make inflation fight harder,negative,-1
2022-07-31,feds kashkari surprised by markets interpretation and says officials are a long way from backing off inflation fight  google ceo tells employees productivity and focus must improve launches simplicity sprint to gather employee feedback on efficiency,positive,1
2022-08-01,7 killed including 5 children after wrongway driver causes headon car crash in illinois police say  one of the greatest financial historians alive says central bankers have been incompetent for decades and inflation is our big hangover,negative,-1
2022-08-04,bank of england increases interest rates by 05 percentage points  euro zone consumers brace for recession and high inflation  ecb survey,positive,1
2022-08-05,us employers add 528000 jobs unemployment falls to 35  5 killed 9 injured in fiery crash as car runs light slams into cross traffic in windsor hills,negative,-1
2022-08-07,how would a chinese housing crash affect us stocks  its not about appl msft googl amd and tsla,neutral,0
2022-08-08,buying the nvidia dip reminder during the crypto crash in 2018 nvidia had 4 straight quarters of negative yoy revenue growth  anne heche slipped into coma is in critical condition after fiery mar vista car crash rep says  july inflation sharply declined,negative,-1
2022-08-10,most discussed stocks on social media data from reddittwitter  consumer prices rose 85 in july less than expected as inflation pressures ease a bit  bull rally or bull trap,positive,1
2022-08-12,backtesting historically frozen sp500 components  if you invested 10k ten years ago in berkshire b schd or voothe results may surprise you  argentina hikes interest rate by 950 basis points to 695 as inflation hits 20year high  actor anne heche dies a week after car crash aged 53,negative,-1
2022-08-13,current market situation bull trap of real rally  to the people who think were in a bull trap or a fake rally can you describe your ideal conditions  anyone else feel the recent rally is a fake out,neutral,0
2022-08-16,berkshire hathaway boosts apple amazon stakes,positive,1
2022-08-17,how should investors prepare for repeat inflation shocks  uk inflation hits new 40year high of 101 as food and energy price surge continues,negative,-1
2022-08-18,turkey shocks markets with rate cut despite inflation near 80 lira tumbles  evidence of 2022s coming stock market crash and 2023s greatest depression,negative,-1
2022-08-21,googl vs amzn you can only choose 1 to buy right now which do you choose why did you choose that amp why didnt you choose the other,neutral,0
2022-08-25,powell hits wyoming to redefine feds great inflation debate,neutral,0
2022-08-26,central banks need to be decisive on inflation imfs gopinath says  inflation eases as consumer prices rise 63 in july  fed will keep tightening until inflation controlled powell  feds powell in blunt remarks at jackson hole says bringing down inflation will cause pain to households and businesses  powell jackson hole speech to discuss inflation fed rate hikes,negative,-1
2022-08-27,central banks will fail to tame inflation without better fiscal policy study says  ntr cf mos  ag fertilizer bull market 20078 vs 2022,neutral,0
2022-08-29,warren slams jerome powell over interest rate comments im very worried that the fed is going to tip this economy into recession,negative,-1
2022-08-31,euro zone inflation hits yet another record high in august  officers seize a shipment of baby wipes that turned out to be 118 million worth of cocaine  euro zone inflation hits another record of 91,positive,1
2022-09-03,plane circling mississippi walmart pilot threatening to intentionally crash  nasa to crash 330m spacecraft into asteroid to see if impact can alter course  inflation is still as bad as it was in march,negative,-1
2022-09-04,bed bath amp beyond cfo plunges to death at new yorks jenga tower days after company says it would close 150 stores and cut jobs  its not different this time the great crash,negative,-1
2022-09-06,apple is gaining on facebook and google in online ads after ios privacy change report shows,positive,1
2022-09-09,major central banks put inflation fight first as growth slows  if inflation eats cash and investing is the only option how do you manage market volitality,neutral,0
2022-09-13,inflation comes in hot year over year changes is up 83 month on month change at 1 futures fall,positive,1
2022-09-14,clear creek county deputies shoot and kill man who asked for help after car crash,negative,-1
2022-09-16,sp500 futures down near 2 tomorrow the day to throw in a large lump sun,negative,-1
2022-09-18,is googl a buy at this multiple  wall street is torn on whether the stock market will crash or soar 20 ahead of next weeks fed meeting heres where 6 experts stand  the 300bn googlemeta advertising duopoly is under attack,negative,-1
2022-09-23,google ceo pichai tells employees not to equate fun with money in heated allhands meeting  are there any takers for the activision and microsoft merger arbitrage spread is roughly 35 annualized,neutral,0
2022-09-24,costco has no plans to change the price of its 150 hot dogandsoda combo despite record high inflation membership fee to remain flat  google was rapidly hiring during covid but now is looking to cut personnel and reduce expenses as recession looms impact on stock price,negative,-1
2022-09-28,inflation is here to stay despite rising interest rates asian business leaders warn,positive,1
2022-09-29,google shutting down video game service stadia conceding it missed expectations,negative,-1
2022-09-30,core pce feds preferred gauge of inflation rises to 49 yoy in august above expectations of 47  fcf yield of stocks i am watching  long term health of google stock alphabet,neutral,0
2022-10-02,i have a fear that we wont have a bull market for years ,negative,-1
2022-10-04,inflation leaves 60 of americans living paycheck to paycheck,negative,-1
2022-10-07,unemployment fell despite high inflation 263000 jobs added compared with 250000 expected,negative,-1
2022-10-09,the fear of crashing,neutral,0
2022-10-10,1010 mondays premarket movers amp news,neutral,0
2022-10-12,consumer inflation expected to have run hot in september boosted by rent,positive,1
2022-10-13,what a day sp500 futures drop 38 on inflation data before new york session answers it with a faceripping 5 rally  can someone please explain why food and energy are taken out of core inflation  why are the markets pumping despite the bad inflation news,negative,-1
2022-10-14,the regulators of facebook google and amazon also invest in the companies stocks,neutral,0
2022-10-15,inflation is slowly dropping why is this so disappointing to markets  2 inflation means 017 mom for 12 months last 3 mom numbers  00 01 and 04 for an average of 023,negative,-1
2022-10-19,annual inflation up to 99 in the euro area up to 109 in the eu  1019 wednesdays premarket stock movers amp news,positive,1
2022-10-20,texas sues google for allegedly capturing biometric data of millions without consent,negative,-1
2022-10-21,since we are clearly in a bear market what has to happen to confirm a bull market  king dollar is making a royal feast of corporate earnings morning brief,neutral,0
2022-10-22,drukenmiller sees sp500 flat for next decade,negative,-1
2022-10-24,the fed is realizing that inflation is a smaller black hole of pain than previously thought and stocks could rally 16 by yearend,positive,1
2022-10-25,google misses on expectations as youtube ad revenue comes up short stock down 5  microsoft beats quarterly revenue estimates on cloud boost,negative,-1
2022-10-28,germany dodges recession but inflation climbs to 116  jpm has flipped into a bull market,negative,-1
2022-10-29,why does everyone keep saying inflation has slowed down,negative,-1
2022-10-31,eurozone inflation hits 107 in october as growth slows dramatically,negative,-1
2022-11-01,bank of canada reiterates that rates need to rise to fight inflation,neutral,0
2022-11-02,dow tumbles 400 points after fed chair powell signals more rate hikes are ahead to fight inflation,negative,-1
2022-11-03,msft googl and aapl are still all beating the market,positive,1
2022-11-04,what companies have potential to be the next walmart costco microsoft alphabet visa pepsico etc  can someone eli5 why the fed wants high unemployment and low wage growth to keep inflation in check,neutral,0
2022-11-05,proud boys plan to crash fem fest ahead of election  berkshire hathaway posts quarterly loss in q32022  google  why wouldnt you be buying at these levels,negative,-1
2022-11-06,warren buffetts berkshire hathaway spent a net 37 billion on stocks last quarter and plowed another 1 billion into buybacks  berkshire hathaway 2022 q3 highlights,neutral,0
2022-11-07,eu says it has serious concerns about bidens inflation reduction act  theres a great bull market right around the corner in 2023,negative,-1
2022-11-10,biggest art sale in history as microsoft cofounder paul allens collection fetches 15bn  art  october cpi inflation moderates rising at annual 77 over last year,positive,1
2022-11-12,two planes collide in midair crash at dallas executive airport,negative,-1
2022-11-14,f13 q3 update berkshire hathaway just started a position in taiwan semiconductor tsm and trimmed activision atvi  google to pay 40 states 392m in locationtracking settlement,positive,1
2022-11-15,wholesale prices rose 02 in october less than expected as inflation eases  cnbc wholesale prices rose 02 in october less than expected as inflation eases,positive,1
2022-11-16,jaw dropping uk inflation hits highest level in 40 years at 111 per cent  berkshire hathaway,negative,-1
2022-11-17,ticketmaster crash pushes taylor swift tickets to over 28000 in the resale market  feds bullard says rate hikes have had only limited effects on inflation so far says funds rate upper bound could be closer to 7  google amp amazon is it time to add shares,neutral,0
2022-11-18,do you think the sp500nasdaq can ever be like the nikkei 225 and possibility of never recovering,neutral,0
2022-11-23,ftc likely to file lawsuit to block microsofts 69 bln bid for activision,negative,-1
2022-11-26,in the feds latest projections they expect inflation to drop by half in 2023 they expect to hold rates and possibly cut them in 2023,negative,-1
2022-11-27,how can inflation be brought under control when it seems like we are heading towards higher oil prices,neutral,0
2022-11-28,what do you see as the most realistic fast track back to a bull market,neutral,0
2022-11-29,lawsuit alleges billionaire investor leon black raped a woman inside jeffrey epsteins home  cnn business,negative,-1
2022-12-01,the feds favorite inflation measure cooled in october,negative,-1
2022-12-05,johnson county sheriffs arrest part of fbi probe  market turmoil threatens to undermine efforts to curb inflation says bis,negative,-1
2022-12-08,ftc sues to block microsofts acquisition of game giant activision  ftc sues to block microsofts acquisition of activision  the washington post,negative,-1
2022-12-09,wholesale prices rose 03 in november more than expected despite hopes that inflation is cooling,positive,1
2022-12-14,the fed announced a 50basispoint rate hike today projects raising rates as high as 51 before ending inflation battle  ecb sees inflation above target through 2025 source says,positive,1
2022-12-19,why december cpi numbers are likely going to show deflation and why annualized inflation will rapidly approach 0 in 2023,neutral,0
2022-12-20,to buy sampp500 and berkshire hathaway,neutral,0
2022-12-21,a leaked document from google shows they believe wall street is too bullish on microsofts azure business,negative,-1
2022-12-23,microsoft responds to ftc case seeking to block activision blizzard deal  googles ceo personally taking control of the companys ai strategy,negative,-1
2022-12-24,how low does tsla have to be in order to be kicked out of sp500,neutral,0
2022-12-25,nourish toubini sees 25 drop for sp500 and severe recession,negative,-1
2022-12-26,meta and alphabet lose dominance over us digital ads market as tiktok amazon microsoft and apple take market share  why googl is no longer as innovative as before and what the future holds for it,negative,-1
2022-12-30,google bought back 19 billion shares at 156 billion but only shrank share count by 12 due to stockbased compensation  nobody knows anything sp500 predictions vs reality for 2022,neutral,0
2023-01-03,exchange sp500 etf to intermediateterm bond etf for 2023  video game workers form microsofts first us labor union,neutral,0
2023-01-04,microsoft aims for aipowered version of bing  the information,neutral,0
2023-01-05,buy microsoft stock on the coming chatgptenabled bing,neutral,0
2023-01-09,any long term sp500 success stories,neutral,0
2023-01-10,microsoft reportedly plans to invest 10 billion in creator of buzzy ai tool chatgpt,neutral,0
2023-01-11,stocks will plunge 3 on thursday if december inflation comes in higher than expected,negative,-1
2023-01-12,is chatgpt a threat to google yahoo refusal to acquire google give us some hints on what may be on the horizon,neutral,0
2023-01-14,inflation cooling but,neutral,0
2023-01-16,why i love goog and googl,neutral,0
2023-01-17,microsoft to cut 11000 jobs across several divisions,negative,-1
2023-01-18,microsoft is laying off 10000 employees  microsoft layoff in jan 2009 2 months later stock bottomed by 25,negative,-1
2023-01-19,microsoft hosted sting performance in davos on night before it announced layoffs  these are the google searches brian walshe made before and after killing his wife ana walshe according to prosecutors  how will jepi perform in a bull market  119 thursdays stock market movers amp news,neutral,0
2023-01-20,google cutting 12000 jobs in 6 slash to global workforce,negative,-1
2023-01-21,if you had to allocate 100 of your portfolio to apple microsoft or amazon  which would you choose,neutral,0
2023-01-22,sundar pichai googles ceo has to go and someone more competent should take over  why are nasdaq100 index funds expensive compared to sp500 index funds or total market funds,neutral,0
2023-01-23,stocks are about to crash as the perfect bull market cocktail ends,neutral,0
2023-01-24,google ceo defends job cuts in animated town hall as employees demand clarity on process  microsoft shares rise on betterthanexpected earnings and revenue,negative,-1
2023-01-25,us accuses google of abusing monopoly in ad technology what the long term out look for goog,negative,-1
2023-01-27,us inflation rate slows again to 15month low pce shows,negative,-1
2023-01-29,how not to fight inflation by joseph e stiglitz  google lawsuit executive ryan olohan fired after female boss tiffany miller groped him  newscomau  berkshire hathaway or etf,negative,-1
2023-02-01,jim cramer says were in a bull market so buy on the dip,neutral,0
2023-02-02,bull market or bull trap,neutral,0
2023-02-03,chatgpt investment portfolio  sony is crushing microsoft in gaming xbox hardware 13 services 12 revenue 13 ps hardware 46 services 19 revenue 53,neutral,0
2023-02-04,last year cost them 39 trillion in market value now apple amazon alphabet microsoft and meta are championing austerity,neutral,0
2023-02-06,google announces bard ai in response to chatgpt  overvalued sp500 forward pe  risk assessed trading on the nasdaq at the beginning of a new 2023 bull market,positive,1
2023-02-07,microsoft announces new aipowered bing homepage that you can chat with  microsoft adds chatgpt ai technology to bing search engine  disney shareholders set to vote on peltz at april 3 annual meeting,neutral,0
2023-02-08,ai wars google stock tumbles 5 premarket as bard ai gives wrong answer at launch event microsoft to incorporate chatgpt into bing,negative,-1
2023-02-09,woman accused of hitandrun crash that killed michigan state student buys oneway ticket to thailand fbi says  buy the dip on google,neutral,0
2023-02-14,microsoft v alphabet  who wins the ai race  inflation rose 05 in january more than expected and up 64 from a year ago,positive,1
2023-02-15,retail sales jump 3 in january smashing expectations despite inflation increase  charlie munger says byd is so far ahead of tesla in china its almost ridiculous,positive,1
2023-02-16,microsoft permanently disables internet explorer for all devices  in 2021 larry summers won the inflation debate now his victory is looking a little transitory  wholesale prices rose 07 in january more than expected fueling inflation increase  offduty california deputy charged in crash that killed boy was driving nearly 95 mph in school zone authorities say,negative,-1
2023-02-18,microsoft limits bing ai chats after the chatbot had some unsettling conversations,negative,-1
2023-02-20,east palestine residents worry rashes headaches and other symptoms may be tied to chemicals from train crash  cnn,negative,-1
2023-02-22,apples popularity with gen z poses challenges for googleandroid  fed minutes show members resolved to keep fighting inflation with rate hikes almost all fed officials favored 25 bps hike,negative,-1
2023-02-24,key fed inflation measure rose 06 in january more than expected  us justice dept accuses google of evidence destruction in antitrust case  fed cant tame inflation without significantly more hikes that will cause a recession paper says  key fed inflation measure rose 06 in january more than expected,negative,-1
2023-02-25,inflation horror show the fed has got a problem on its hands  berkshire operating earnings fall 8 cash hoard swells to nearly 130 billion,negative,-1
2023-02-27,google is now cheaper than meta on a forward pe basis,neutral,0
2023-03-02,the latest bout of inflation doommongering doesnt add up  fighting inflation,neutral,0
2023-03-03,33 fridays premarket stock movers amp news,neutral,0
2023-03-04,why are people saying inflation has come down  is google sandbagging their ai  future of sp500,negative,-1
2023-03-08,inflation in europe rises to record high expected more ecb interest rate hikes 50bp72  france93  germany 99 italy 99uk 101,positive,1
2023-03-14,inflation gauge increased 04 in february as expected and up 6 from a year ago  core mom inflation rates for the last 5 months oct 03 nov 03 dec 04 jan 04 feb 05,positive,1
2023-03-15,inflation in argentina surges past 100 percent in historic spike  inflation news,positive,1
2023-03-16,husband of exwife arrested in murder of former microsoft executive in florida father of 4,negative,-1
2023-03-17,sp500 monthly market cap dataset,neutral,0
2023-03-19,is warren buffett trying to repeat his 2008 bailout success with biden officials,neutral,0
2023-03-20,warren buffett could be asked to save the banks once more,neutral,0
2023-03-30,gwyneth paltrow not at fault in ski crash trial jury decides  microsoft patched bing vulnerability that allowed snooping on email and other data,negative,-1
2023-03-31,fed inflation gauge february 2023 core pce up 03 less than expected  key fed inflation gauge rose 03 in february less than expected,positive,1
2023-04-01,microsoft stock,neutral,0
2023-04-04,google workers in london stage walkout over job cuts  is a combination like endeavor and wwe good for sp500 investors,negative,-1
2023-04-06,sold activision 95 call for jan 24 what will happen to it if the microsoft deal goes through,neutral,0
2023-04-07,short sp500 long oil who is with me,neutral,0
2023-04-12,inflation rises 01 in march less than expected,positive,1
2023-04-15,16yearold cleveland girl who killed couple in hitandrun drag racing crash sentenced to probation group home,negative,-1
2023-04-17,google falls 3 premarket as microsoft gains 2 on reports that samsung is considering bing as default search engine across all devices  sp500 dividends question  417 mondays premarket stock movers amp news,negative,-1
2023-04-21,procter amp gamble beats earnings estimates raises revenue forecast  wall street week ahead for the trading week beginning april 24th 2023,neutral,0
2023-04-24,car dealer markups helped drive inflation study finds,neutral,0
2023-04-25,microsoft earnings are out  here are the numbers  google authorizes 70 billion stock buyback,neutral,0
2023-04-26,britain blocks microsofts 69 billion acquisition of activision blizzard,negative,-1
2023-04-28,spains economic growth picks up while core inflation falls again,negative,-1
2023-05-04,amd shares jump over 6 following collaboration with microsoft on new ai chip codenamed athena  berkshire hathaway annual shareholder meeting advice,positive,1
2023-05-08,warren buffett says its been an incredible period for the economy but thats coming to an end discusses berkshire hathaways forecasts,negative,-1
2023-05-10,inflation rose 49 in april from a year ago less than expectations  microsoft skips salary increases for fulltime employees this year  google shares rise 5 after announcing aipowered search magi and more at io 2023,positive,1
2023-05-11,microsoft signs power purchase deal with nuclear fusion company helion,positive,1
2023-05-12,89 of companies in the sampp 500 have reported and earnings continue to show remarkable growth 80 yoy and 254 vs q4,positive,1
2023-05-15,eu approves microsofts 69 billion acquisition of activision blizzard clearing major hurdle  the european commission has approved the merger of microsoft and activisionblizzardking with conditions,positive,1
2023-05-16,warren buffetts berkshire hathaway sells entire stake in tsmc  cnn business,neutral,0
2023-05-17,colombia plane crash four children found alive in amazon rainforest more than two weeks later,negative,-1
2023-05-19,fed chair powell says rates may not have to rise as much as expected to curb inflation,positive,1
2023-05-20,when did we collectively decide google is a 126 stock after struggling at 90,neutral,0
2023-05-21,jeffrey epstein appeared to threaten bill gates over microsoft cofounders affair with russian bridge player,negative,-1
2023-05-24,microsoft warns that china hackers attacked us infrastructure,negative,-1
2023-05-26,inflation rose 04 in april and 47 from a year ago according to key gauge for the fed,positive,1
2023-05-28,advice or thoughts on my portfolio,neutral,0
2023-05-29,what would you do currently holding 11 million in google stock which husband accumulated over the past 12 years of working there,neutral,0
2023-05-31,cathie wood calls nvidia stock overpriced after missing 2023 rally,negative,-1
2023-06-01,limo company operator sentenced to 5 to 15 years for manslaughter in crash that killed 20,negative,-1
2023-06-05,first responders say fatal crash of unresponsive plane left a crater with few recognizable pieces  cnn,negative,-1
2023-06-06,we are just 8 sp500 points from official new bull market sentiment indicators indicate we will go 10 higher,positive,1
2023-06-09,wsj  sampp 500 ends longest bear market since the 1940s and signals beginning of new bull market,neutral,0
2023-06-12,ftc plans to seek a restraining order to stop microsoft activision deal,negative,-1
2023-06-13,inflation rose at a 4 annual rate in may the lowest in 2 years,negative,-1
2023-06-14,us judge temporarily blocks microsoft acquisition of activision,negative,-1
2023-06-15,why will inflation keep going down from here   google ads directing women seeking abortions to crisis centers instead earn 10m for company,negative,-1
2023-06-16,microsofts stock hits record after executives predict 10 billion in annual ai revenue,positive,1
2023-06-18,how does ai not cause a massive long term bull market run in stocks,neutral,0
2023-06-19,south park stock predictor is right again with its japanese toilet episode berkshire buys more japanese stocks,positive,1
2023-06-26,is it a bad time to buy microsoft shares,negative,-1
2023-06-27,nancy pelosis husband just snapped up 26 million of apple and microsoft stock closing out an options bet that the shares would soar  nascar jimmie johnsons inlaws found shot to death in oklahoma,negative,-1
2023-06-30,key fed inflation measure shows prices rose just 03 in may  key fed inflation measure shows prices rose just 03 in may,neutral,0
2023-07-11,microsoftactivision deal moves closer as judge denies ftc injunction request  value of the sp500  bankreserves x leverage ratio  judge rejects ftcs attempt to block microsofts 69 billion activision deal,negative,-1
2023-07-12,inflation cooled significantly in june bringing price hikes close to normal levels  tax prep companies shared private taxpayer data with google and meta for years congressional probe finds,neutral,0
2023-07-14,google is undervalued,positive,1
2023-07-17,wsj  europeans are becoming poorer as europe has tipped into recession early this year yes were all worse off,negative,-1
2023-07-18,microsoft and meta expand their ai partnership with llama 2 on azure and windows,positive,1
2023-07-20,are we supposed to ignore cumulative inflation prices have gone up 18 on average in 3 years bullish for economy and stocks right,positive,1
2023-07-25,meta microsoft hundreds more own trademarks to new twitter name  microsoft earnings are out  here are the numbers,neutral,0
2023-07-26,meta microsoft and amazon team up on maps project to crack applegoogle duopoly,positive,1
2023-07-28,wall street week ahead for the trading week beginning july 31st 2023  pampg q2 earnings  an inflation gauge that is closely tracked by the fed falls to its lowest level in more than 2 years  728 fridays premarket stock movers amp news,negative,-1
2023-08-02,google street view car evades police at 100 mph crashes into creek indiana cops say,negative,-1
2023-08-03,google users can now ask to have their explicit photos removed from search results,negative,-1
2023-08-09,are we on the verge of another crash  heres my portfolio 13 return after 1 year what should i improve,neutral,0
2023-08-10,interest rates should stay around 5 for longer  even as inflation falls top economist jim oneill says  anyone else think google has a lot of growth left ,neutral,0
2023-08-13,producer prices pick up rekindling inflation fears  googlealphabet will release gemini ai later this year probably way more powerful than gpt4 time to buy,positive,1
2023-08-21,woman gets 15 years to life in deaths of boyfriend friend after 100 mph car crash into brick wall,negative,-1
2023-08-22,sure wages are driving inflation,neutral,0
2023-08-23,ten killed in private jet crash north of moscow  wagner leader yevgeny prigozhin on passenger list,negative,-1
2023-08-24,la county sheriffs deputy accused of trying to cover up dui crash of fellow deputy,negative,-1
2023-08-25,a motorcyclist died in a crash after a new york city police sergeant threw a cooler at his head  rite aid prepares bankruptcy that would halt opioid lawsuits,negative,-1
2023-08-26,in theory isnt the stock market undervalued when adjusted for inflation,positive,1
2023-09-02,ohare shuttle bus crash at terminal 5 kills 80yearold driver coroner says,negative,-1
2023-09-07,china suspected of using ai on social media to sway us voters microsoft says,negative,-1
2023-09-08,wall st rises as megacaps gain yields slip ahead of key inflation data,negative,-1
2023-09-10,bodycam video shows federal drug prosecutor handing police business card in dui crash arrest,neutral,0
2023-09-13,why are stocks going up on bad inflation data,negative,-1
2023-09-14,ecb hikes interest rates to record 4 and increases inflation forecast  why we didnt dip more sp500 during the 2022 bear market,positive,1
2023-09-17,why is sundar googles ceo ,neutral,0
2023-09-19,microsoft is looking to acquire nintendo at some point mario makers future exists off of its hardware,neutral,0
2023-09-20,google sued for negligence after man drove off collapsed bridge while following map directions,negative,-1
2023-09-26,tesla or nvidia or microsoft over the next 13 years,neutral,0
2023-09-29,microsoft reportedly tried to sell bing to apple in 2020,neutral,0
2023-09-30,woman who killed man in drunk driving crash sentenced to 120 days in jail,negative,-1
2023-10-02,north dakota state senator his wife and 2 kids killed in utah plane crash  its really the google web microsoft ceo testifies about how hard it is to break into search during antitrust trial,neutral,0
2023-10-09,fed reiterates its goal of 2 inflation rate and will most likely raise interest rates before the end of the year,neutral,0
2023-10-11,microsoft to appeal irs request for nearly 29 billion in back taxes  irs says microsoft owes an additional 29 billion in back taxes  wholesale inflation rose 05 in september more than expected,positive,1
2023-10-13,microsoft completes 69bn takeover of call of dutymaker activision blizzard  microsofts deal to buy call of duty maker activision blizzard cleared by uk,neutral,0
2023-10-14,what is the future for berkshire hathaway after buffett departs this world,neutral,0
2023-10-16,it is nearly unavoidable that ai will cause a financial crash within a decade sec head says,neutral,0
2023-10-20,powell says inflation is still too high and lower economic growth is likely needed to bring it down,negative,-1
2023-10-21,googles adblock ban and effect on revenue ,negative,-1
2023-10-22,pershing berkshire et al,neutral,0
2023-10-26,us gdp grew at a 49 annual pace in the third quarter better than expected,positive,1
2023-10-27,chipotle mexican grill easily tops earnings estimates as higher prices help offset food inflation  yall are not ready for a real bull market,positive,1
2023-10-28,google commits to invest 2 billion in openai competitor anthropic  will a hasty fed pivot cause massive inflation to pick back up,positive,1
2023-11-01,microsoft accused of damaging guardians reputation with aigenerated poll  the fed says inflation remains elevated yet keeps rates steady,negative,-1
2023-11-04,berkshire hathaway posts a 40 jump in operating earnings cash pile swells to a record 157 billion,positive,1
2023-11-07,impact of googles hammering down on adblockers for ad revenue  voo  aapl  msft  googl  amzn  intc for the next 5 years,negative,-1
2023-11-09,microsoft restricts employee access to openais chatgpt citing security concerns  anyone else worried berkshire hathaway is gonna tank like 15 when warren dies,negative,-1
2023-11-10,powell says fed is not confident it has done enough to bring inflation down,negative,-1
2023-11-14,apple gets 36 of google search revenue from safari alphabet witness says,neutral,0
2023-11-15,with inflation finally recovering what could potentially send stocks lower or are we finally going up from here,negative,-1
2023-11-17,openai ceo sam altman departs company and board,negative,-1
2023-11-20,in october higher restaurant prices drove food prices above overall inflation even as grocery prices were relatively low  microsoft hires former openai ceo sam altman and colleagues  500 openai employees will quit and join microsoft unless the board resigns and reinstates sam and greg,negative,-1
2023-11-21,microsoft stock hits alltime high after hiring former openai ceo sam altman  after deadly nevada crash federal investigators want cars to warn drivers if theyre speeding,positive,1
2023-11-28,charlie munger investing genius and warren buffetts righthand man dies at age 99,neutral,0
2023-11-29,charlie munger who helped buffett build berkshire dies at 99,neutral,0
2023-11-30,euro zone inflation sinks to 24 below expectations,negative,-1
2023-12-02,palo alto networks panw will crash spectacularly absolutely insane valuation,neutral,0
2023-12-06,xxxx is now available 4x leverage sp500,neutral,0
2023-12-07,mcdonalds is supersizing operations adding google ai  update son of sen kevin cramer jailed after crash that killed a mercer county deputy  stocks that are in itself diversified like berkshire hathaway basically like an index funds except in a single stock  us military grounds entire fleet of osprey aircraft following a deadly crash off the coast of japan,neutral,0
2023-12-12,us consumer inflation eased slightly in november as gas prices fell though some costs kept surging  epic games wins antitrust lawsuit against google,negative,-1
2023-12-14,why bringing down inflation has been different this time according to jerome powell,neutral,0
2023-12-19,st louis police crash into lgbtq bar arrest its owner,negative,-1
2023-12-20,be careful of those who are giving advice in a bull market,neutral,0
2023-12-22,container rates hit 10000 as ocean freight inflation soars 40 in red sea crisis  feds favorite inflation gauge shows prices rose at 32 annual rate in november less than expected  feds favorite inflation gauge shows prices rose at 32 annual rate in november less than expected  federal reserves favored inflation gauge tumbles in november as prices continue to ease,positive,1
2023-12-24,dixie chicks band founding member laura lynch dies in car crash  barrons berkshire hathaway stock is behind the sampp over the past year  5 10 amp 20 years,neutral,0
2023-12-27,the new york times sues openai and microsoft for copyright infringement,negative,-1
2024-01-04,have you ever started investing around a market crash  microsoft announces ai key on windows 11 pcs,neutral,0
2024-01-11,us inflation picks up more than expected in december,positive,1
2024-01-14,big tech not done with layoffs as google amazon announce cuts in 2024,negative,-1
2024-01-15,hot air balloon crash in arizona desert leaves 4 dead and 1 critically injured police say,negative,-1
2024-01-16,google and bing put nonconsensual deepfake porn at the top of some search results,neutral,0
2024-01-19,half of recent us inflation due to high corporate profits report finds  inflation,negative,-1
2024-01-22,3 reason why im backing out of google in my portfolio chrome updates incognito warning to admit google tracks users in private mode,neutral,0
2024-01-23,insomniac a top videogame developers leaks reveal how much money marvel makes as a licensor amp panic over microsofts acquisition of acti,neutral,0
2024-01-25,microsoft lays off 1900 activision blizzard and xbox employees,negative,-1
2024-01-26,feds favorite inflation gauge rose 02 in december and was up 29 from a year ago,positive,1
2024-01-30,alphabet shares slide on disappointing google ad revenue  will someone explain to me why we are experiencing this bull market  q2 earnings  microsoft beats estimates as azure grows faster than expected,negative,-1
2024-02-08,does anyone fear berkshires future after buffet dies  google rebrands bard ai to gemini and launches a new app and subscription,neutral,0
2024-02-22,google pauses aigenerated images of people after ethnicity criticism  exclusive reddit in ai content licensing deal with google,neutral,0
2024-02-24,berkshire hathaway q4 operating earnings climb 28 cash pile tops 167b  rebecca grossman found guilty of murder in westlake village crash that killed 2 young brothers,negative,-1
2024-02-28,google ceo tells employees gemini ai blunder unacceptable  google hit with 23 bln lawsuit by axel springer other media groups,negative,-1
2024-02-29,key fed inflation measure rose 04 in january as expected up 28 from a year ago,positive,1
2024-03-02,google in crisis,neutral,0
2024-03-03,is googles waymo potential underrated,neutral,0
2024-03-13,police say car wedged under big rig in violent crash was being driven by catalytic converter thieves,negative,-1
2024-03-17,global licensor report 2023 disneys licensingmerch retails clocks a record 61 billion 5bil growth vs warners 15bil universals 10bil,positive,1
2024-03-18,apple might use google gemini to power some ai features on the iphone,neutral,0
2024-03-20,toddler was behind the wheel during calif crash that killed 2yearold police say,negative,-1
2024-03-23,wedbush raise google price target to 175  which of these blue chips is most undervalued,neutral,0
2024-04-01,cybersecurity company rubrik rbrk files for ipo backed by microsoft,neutral,0
2024-04-04,truck crash spills live salmon into wrong oregon river,negative,-1
2024-04-09,google unveils custom armbased chips,neutral,0
2024-04-10,the supercore inflation measure shows fed may have a real problem on its hands,negative,-1
2024-04-11,berkshire hathaway inc discloses an increase of nearly 100 million in liberty sirius xm,positive,1
2024-04-16,fed may not decrease interest rates until inflation goes down,neutral,0
2024-04-17,the 2 inflation target regime should now be retired,neutral,0
2024-04-18,google fires 28 employees for protesting israel cloud deal,negative,-1
2024-04-19,tesla recalls cybertrucks over accelerator crash risk  procter amp gamble sales disappoint as price hikes slow down,negative,-1
2024-04-25,woman charged in boat club drunk driving crash killing 2 children posts 15 million bond  microsoft earnings are out  here are the numbers,neutral,0
2024-04-26,key fed inflation measure rose 28 in march from a year ago more than expected,positive,1
2024-04-30,google lays off staff from flutter dart and python teams weeks before its developer conference  which of these blue chips is most undervalued,negative,-1
2024-05-01,is the market propped up by inflation,neutral,0
2024-05-03,google justice department make final arguments about whether search engine is a monopoly,neutral,0
2024-05-04,buffett says greg abel will make berkshire investing decisions when hes gone  warren buffetts berkshire hathaway cut apple investment by about 13,negative,-1
2024-05-08,bear dragged crash victims body from car in woods off massachusetts highway police say,negative,-1
2024-05-10,fed officials ponder whether rates high enough as inflation expectations jump,neutral,0
2024-05-14,8 dead 8 critically injured in severe bus crash in florida,negative,-1
2024-05-15,buffetts berkshire reveals insurer chubb as confidential stock its been buying,neutral,0
2024-05-17,possible sp500 inclusions june 20th,neutral,0
2024-05-19,driver said he smoked pot oil took medication before florida crash that killed 8 mexican workers,neutral,0
2024-05-20,microsoft announces new pcs with ai chips from qualcomm  target to lower prices on about 5000 basic goods as inflation cuts into budgets  no sign of life at crash site of helicopter carrying irans president others,negative,-1
2024-05-21,why are goog not voting shares still trading at a premium to googl voting shares,neutral,0
2024-05-29,us consumer confidence recovers inflation worries persist,positive,1
2024-05-31,pce data inflation maybe going away too slowly,negative,-1
2024-06-03,nyse technical issue impacting some stock prices incorrectly showing berkshire hathaway down 99,negative,-1
2024-06-04,traders who scooped up warren buffetts berkshire hathaway shares at a massive 620k discount during glitch will have their deals canceled,neutral,0
2024-06-06,microsoft openai and nvidia investigated over monopoly laws,negative,-1
2024-06-08,former astronaut william anders who took iconic earthrise photo has died in washington plane crash,neutral,0
2024-06-11,berkshire a buy on apple news,neutral,0
2024-06-12,may cpi rose 33 over the last 12 months vs the expected 34 with inflation cooling off  microsoft changes course on the controversial windows 11 feature that constantly takes screenshots of your pcs screen now youll have to opt in if you want to use it,neutral,0
2024-06-18,nvidia passes microsoft in market cap to become most valuable public company,positive,1
2024-06-19,nvidia will crash,neutral,0
2024-06-25,eu charges microsoft with abusive bundling of teams and office,negative,-1
2024-06-27,dividend growth portfolio help,neutral,0
2024-06-28,news nonprofit sues chatgpt maker openai and microsoft for exploitative copyright infringement,negative,-1
2024-07-03,cathie woods ark invest sells tesla shares worth 145m amid rally driven by q2 delivery numbers picks up palantir shares again today  5 members of a georgia family returning from a baseball tournament are dead after a plane crash in upstate new york,negative,-1
2024-07-05,nikkei has out performed sp500 over last 5 years,negative,-1
2024-07-11,june cpi rose 30 over the last 12 months lower than the expected 31 with inflation cooling off  palestinians say microsoft unfairly closing their accounts,negative,-1
2024-07-14,google reportedly in advanced talks to acquire cyber startup wiz for 23 billion its largestever deal,neutral,0
2024-07-16,earnings are expected to broaden during the second half of 2024 which could signal a true bull market,positive,1
2024-07-17,new inflation warning get used to high interest rates imf says,neutral,0
2024-07-22,berkshire hathaway cuts stake in chinas byd to below 5  berkshire trims bank of america stake for the first time since 2019,negative,-1
2024-07-23,google makes abrupt uturn by dropping plan to remove adtracking cookies on chrome browser  wiz walks away from 23 billion deal with google will pursue ipo,negative,-1
2024-07-25,berkshire hathaway dumps 23 billion worth of bank of america shares,negative,-1
2024-07-27,nebraska teen accused of derailing train recording the crash and posting it online,negative,-1
2024-07-30,apple says it uses no nvidia gpus to train its ai models instead using googles tpus  microsoft shares drop as cloud miss overshadows betterthanexpected revenue,negative,-1
2024-07-31,paychecks grew more slowly this spring a sign inflation may keep cooling,negative,-1
2024-08-02,berkshire sells 38 billion worth of bank of america in 12day selling spree  no this is not the worst day since 2020 i dont understand the panic  tesla sued by family of motorcyclist killed in autopilot crash,negative,-1
2024-08-03,warren buffetts berkshire hathaway sold nearly half its stake in apple cash pile hits record 276 billion,neutral,0
2024-08-05,mapping the price of inflation with a big mac  google loses massive antitrust lawsuit over its search dominance  berkshire selling brk too,negative,-1
2024-08-07,warren buffett now owns more tbills than the federal reserve,neutral,0
2024-08-08,suv crash that killed 9 family members followed matriarchs 80th birthday celebration in florida  palantir announces microsoft partnership to sell ai to us defense intel agencies,neutral,0
2024-08-09,would google workspace surpass the revenue of microsoft office 365,positive,1
2024-08-13,wholesale inflation measure rose 01 in july less than expected,positive,1
2024-08-14,inflation cooled in july reaching lowest level since march 2021,negative,-1
2024-08-15,exgoogle ceo eric schmidt sees nvidia as big ai winner you know what to do in the stock market,neutral,0
2024-08-24,google vs amazon which is a better buy at this point,positive,1
2024-08-25,mother charged with impaired driving in wrongway crash that killed her 9yearold son police,negative,-1
2024-08-28,buffetts berkshire hathaway hits 1 trillion market value  yelp sues google alleging a search engine monopoly that promotes its own reviews  cnn business,negative,-1
2024-08-31,i think alphabet googl is the most undervalued stock in the stock market right now,neutral,0
2024-09-01,helicopter crash that killed irans president was caused by climatic conditions report finds,negative,-1
2024-09-04,am i missing something or are we due for a crash within 6 months,negative,-1
2024-09-06,man triggers threecar crash after jumping out of his car to save a kitten on 91 freeway,negative,-1
2024-09-10,amazon passed google as 4th largest in sampp 500  googles 24 billion euro fine upheld by europes top court in eu antitrust probe,negative,-1
2024-09-11,berkshire unloads another chunk of bank of america as ceo lauds buffett  consumer inflation slows to lowest rate since february 2021  consumer prices rose 02 in august with core inflation higher than expected,negative,-1
2024-09-12,european central bank cuts interest rates again as inflation cools  ajit jain buffetts insurance chief dumps more than half his berkshire stake  microsoft hires former ge cfo carolina dybeck happe as new operating chief  what is googles bull case  google is down almost 20 percent from ath and has entered bear market territory my thesis,negative,-1
2024-09-16,microsoft announces 60 billion stock buyback and 10 dividend increase,neutral,0
2024-09-17,blackrock and microsoft plan 30bn fund to invest in ai infrastructure  canadas inflation cools to 2 in aug reaches central banks target,positive,1
2024-09-18,federal reserve cuts key rate by sizable halfpoint signaling end to its inflation fight  fed cuts rates by half a percentage point cites greater confidence on inflation,negative,-1
2024-09-19,russia goes allout with covert disinformation aimed at harris microsoft report says,negative,-1
2024-09-20,constellation energy to restart three mile island nuclear plant sell the power to microsoft for ai  inflation moving sustainably to 2  fed governor waller says economy is strong and he voted for 50 points because inflation was softening fast  a three mile island nuclear reactor could restart under a new deal with microsoft,positive,1
2024-09-25,google files eu antitrust complaint accusing microsoft of stifling cloud competition,negative,-1
2024-09-26,openai restructuring to forprofit from nonprofit and microsoft impact,neutral,0
2024-09-27,key fed inflation gauge at 22 in august lower than expected,negative,-1
2024-09-28,ecb ratecut bets jump as france spain inflation sinks below 2,negative,-1
2024-10-01,the crash of the stock market has arrived priceearnings ratio just broke 30 for the entire sampp 500  challenge to find stocks matching 13 attributes of peter lynch,neutral,0
2024-10-03,us and microsoft seize over 100 websites allegedly used by russian spies,negative,-1
2024-10-04,a crash saved a teenager whose car suddenly sped up to 120 mph in the rural midwest,negative,-1
2024-10-06,googles grip on search slips as tiktok and ai startup mount challenge,negative,-1
2024-10-07,us judge orders google to open up app store to competition,negative,-1
2024-10-09,why would anyone buy nike when you can buy google,neutral,0
2024-10-10,september cpi rises more than expected indicating inflation risks remain,positive,1
2024-10-13,the federal reserve may have pretty much just hit its 2 inflation target  for those wondering if were in a bull market,negative,-1
2024-10-15,google to buy nuclear power for ai datacentres in world first deal,neutral,0
2024-10-17,google ceo names new search and ads boss slides predecessor to chief technologist,neutral,0
2024-10-18,do you think google is gona beat earnings,neutral,0
2024-10-20,is google not a no brainer buy right now  i compiled a list of all 190 stocks and funds from the september 2024 quarterly thread,neutral,0
2024-10-29,prediction apple is grossly priced compared to microsoft,positive,1
2024-10-30,microsoft reports fy25 q1 earnings beat across the board  russia fines google 20000000000000000000000000000000000,positive,1
2024-10-31,us inflation falls to 21 almost hitting federal reserve target  us inflation falls to 21 almost hitting federal reserve target  inflation  the guardian  russia fines google more than entire worlds gdp,negative,-1
2024-11-02,warren buffetts berkshire hathaway sold 14 billion worth of apple this quarter cash pile hits record 325 billion,neutral,0
2024-11-07,why would breaking up google increase shareholder value,neutral,0
2024-11-08,social media influencer known for racing dies in crash while speeding nypd says,negative,-1
2024-11-18,doj wants to breakup google,neutral,0
2024-11-19,google reacts angrily to report it will have to sell chrome  doj to ask judge to force google to sell off chrome bloomberg news reports,negative,-1
2024-11-21,doj calls for google to divest chrome in antitrust push,negative,-1
2024-11-26,pilot known for animal rescue flights dies in catskills plane crash,negative,-1
2024-11-28,microsoft faces wideranging us antitrust probe  google apple and microsoft are facing anti trust threats  russian central bank takes desperate stand to halt collapsing ruble and fierce inflation  canadian competition bureau sues google over alleged anticompetitive conduct in online advertising,negative,-1
2024-12-05,driver sentenced to 25 years in prison after pleading guilty to dui in crash that killed a bride on her wedding night,negative,-1
2024-12-07,google sues cfpb,negative,-1
2024-12-08,steve mensch tyler perry studios president dies in plane crash,negative,-1
2024-12-10,googles willow chip makes a major breakthrough in quantum computing  google shares rise on new quantum chip breakthrough,positive,1
2024-12-13,why was the stock market sp500 nasdaqetc between 2021 and 2023 was going down,neutral,0
2024-12-18,microsoft ai strategy is in shambles,negative,-1
2024-12-20,girl unresponsive 3 months after crash caused by suspect in trump assassination attempt  why google is the only mag7 with reasonable pe,negative,-1
2024-12-22,an indirect investment into waymo by owning google,neutral,0
2024-12-26,lump sum or dca with high sp500 pe,neutral,0
2024-12-27,microsoft azure quantum,neutral,0
2024-12-31,crypto fugitive do kwon extradited to us over 40bn crash,neutral,0
2025-01-03,microsoft expects to spend 80 billion on aienabled data centers in fiscal 2025,positive,1
2025-01-05,thoughts on rumor that googles pichai is expected to resign in 2025,neutral,0
2025-01-08,fed officials are worried about the inflation impacts from trumps policies minutes show,negative,-1
2025-01-09,microsoft confirms performancebased job cuts across departments  berkshire hathaway owns geico can this company be negatively affected by the ongoing california fires  why are there so many consumer goods stocks performing poorly at the moment,negative,-1
2025-01-11,jeju air black box data missing from last 4 minutes before crash south korea ministry says,negative,-1
2025-01-16,microsoft raises price of consumer version of microsoft 365 for first time since 2013,positive,1
2025-01-22,is it still worth investing in amazon google and nvidia,neutral,0
2025-01-25,best strategy to protect oneself from market crash,neutral,0
2025-01-28,i cant see any way tesla stock does not crash after earnings  microsoft in talks to buy tiktok trump says,neutral,0
2025-01-29,microsoft shares slip on light quarterly azure growth  google reclassifies us as sensitive country alongside china russia after trumps gulf of america comments  someone explain how tesla went up and microsoft went down,negative,-1
2025-01-30,google offering voluntary exit for employees working on pixel android  aircraft crash reported near national airport  pardoned jan 6 rioter hernandez sentenced to 10 years for deadly dui crash,negative,-1
2025-01-31,washington dc plane crash black boxes found as airport staffing probed  civil rights attorney former miss kansas contestant killed in plane crash near dc airport  plane crash in northeast philadelphia leaves multiple houses on fire causes explosion,negative,-1
2025-02-02,air traffic control staffing not normal during dc crash  officials,negative,-1
2025-02-04,google shares are trading lower after mixed q4 results,negative,-1
2025-02-05,google opens its most powerful ai models to everyone the next stage in its virtual agent push,neutral,0
2025-02-06,is microsoft too big to be affected by a trade war,neutral,0
2025-02-07,us immigration is gaming google to create a mirage of mass deportations  google earnings drop,neutral,0
2025-02-08,amazon like microsoft says it cant keep up with ai demand,negative,-1
2025-02-10,buy microsoft  elon muskled group makes 974 billion bid for control of openai wsj reports  tesla stock will crash in the upcoming months,negative,-1
2025-02-11,google calendar removes black history month pride and other cultural events,neutral,0
2025-02-12,us inflation heats up to 3 for first time since june  cpi report today inflation data comes in strongerthanexpected  bank of america ceo on inflation impact on us economy rates are going to stay where they are  rescue crews respond to military plane crash into san diego bay  google defends scrapping ai pledges and dei goals in allstaff meeting,positive,1
2025-02-13,google maps blocks gulf of america reviews after rename criticism  why do you think berkshire is buying the sirius xm shares,neutral,0
2025-02-14,why is microsoft flat yoy,negative,-1
2025-02-17,toronto pearson airplane crash police investigating,negative,-1
2025-02-18,trump begins firings of faa staff just weeks after fatal dc plane crash  feel like there is no clear plays right now,negative,-1
2025-02-19,microsoft reveals its first quantum computing chip the majorana 1  the new microsoft work is moot perspective from a physicsist,neutral,0
2025-02-20,creating table of sp500 companies to see movement in index  dc plane crash victims family files 250 million legal claim against faa and us army  delta offering 30000 to passengers who were on plane that crashlanded in toronto,neutral,0
2025-02-21,microsoft majorana chip  crash is near  microsoft ceo says there is an overbuild of ai systems dismisses agi milestones as show of progress,negative,-1
2025-02-22,berkshires cash pile hits 334b  operating earnings up 27 yoy,positive,1
2025-02-23,warren buffett sounds warning to washington as berkshire reports record profit cash,neutral,0
2025-02-24,in the wake of gulf of america google maps users report canadian provincial parks are being mislabelled state park  microsoft cancels some data center leases td cowen says what it means for the ai trade,negative,-1
2025-02-25,is this the start of an economic crisis recession  when will people wake up on microsoft,neutral,0
2025-02-28,skype to shut 14 years after microsofts 85 billion purchase,neutral,0
2025-03-01,johnson amp johnson jnj among the top dividend stocks to buy according to hedge funds thoughts  another near miss citigroup mistakenly credited a customer account with 81 trillion  which company do you think is diversified enough to withstand any macroeconomic problems,neutral,0
2025-03-04,tariff war risks sinking world into new great depression international chamber of commerce warns the world economy could face a crash similar to the great depression of the 1930s,negative,-1
2025-03-07,berkshire hathaway and selling sampp500  i have 500k in cash heres what im buying in the 2025 crash,neutral,0
2025-03-10,why is the dollar weakening against euro even if tariffs will be enacted and the fed will not cut rates in fear that inflation will rise,negative,-1
2025-03-11,fear of flying is pushing ticket sales down in the wake of multiple crashes airlines say  trumps doj wants a google breakup but is willing to leave ai alone,negative,-1
2025-03-12,best time to buy into sp500 with trumps tariffs uncertainty  cpi report today inflation slowed more than expected in february  amazon google and meta support tripling nuclear power by 2050,positive,1
2025-03-13,nasdaq took 15 years to recover the com crash  trumps ftc moves ahead with broad microsoft antitrust probe,neutral,0
2025-03-15,brkb is up 3410 since 12024 compared to spy up 1698 brkb the stronger play long term with this environment  realistically do you think google will be forced to divest chrome,positive,1
2025-03-16,easy way to figure out annual growth for the stocks that berkshire holds not how much annual growth the berkshire stock itself grew,neutral,0
2025-03-17,if the fed decides to keep rates steady tomorrow without dropping then i expect a 3 drop,positive,1
2025-03-18,safe stocks investment  need a recessionproof tariffresistant portfolio given the current economic climate  google to acquire cloud security startup wiz for 32 billion,neutral,0
2025-03-19,google agrees to pay 28m in racial bias lawsuit,neutral,0
2025-03-21,berkshire safer than sp500,neutral,0
2025-03-22,tesla short thesis and the us market house of cards pending crash,neutral,0
2025-03-23,tariffs doge and columbia  the market will crash because trumpism is not capitalism,neutral,0
2025-03-24,companies in the eu are starting to look for ways to ditch amazon google and microsoft cloud services  tesla short thesis and the us market house of cards pending crash part 2,neutral,0
2025-03-26,the big short investor who predicted the 2008 crash now warns that the market is misjudging doges economic impact,negative,-1
2025-03-28,automobile manufacturers will suffer loss as well as consumers will pay 1520 more for cars sending inflation higher isnt it  consumer inflation expectations skyrocket in march hit highest levels in 32 years  how long will it take for auto tariffs to hit berkshire hathaway earnings  can someone explain why the public should buy goog non vote shares these are the shares that employees are given over voting shares googl,neutral,0
2025-04-02,trump announces sweeping new tariffs to promote us manufacturing risking inflation and trade wars,positive,1
2025-04-03,watchlist for a potential bonanza after the ongoing 2025 crash,neutral,0
2025-04-04,my theory on why this trump crash will be worse than 2008  the crash was inevitable trump just ripped off the bandaid,negative,-1
2025-04-05,another wealth transfer since 2008 crash sampp 500 loses another 5 trillion in just two days  the stock market will crash even further,negative,-1
2025-04-06,why these tariffs may lead to minimal or no inflation  trump not trying to crash market with tariffs says white house economic advisor,neutral,0
2025-04-07,jpmorgan ceo jamie dimon says trump tariffs will boost inflation slow an already weakening us economy  larry fink warns about inflation impacts of tariffs says were probably in a recession  just started investing convince me to not sell my stocks  were in a crash how fast will the recovery will be  berkshire hathaway shrugs off trump tariff selloff up 941 ytd adding 8781b in investor wealth in 2025,positive,1
2025-04-08,which was crazier  the 2025 tariff war or the 2020 covid crash,neutral,0
2025-04-09,the idea that a stock market crash only hurts the rich is outdated nonsense  explain to me why if stocks crash everyone suffers  sp500 is down around 20 from the last high  microsoft not moving forward with 1b licking county data center plans right now,negative,-1
2025-04-10,inflation rate eases to 24 in march lower than expected,negative,-1
2025-04-11,us consumer sentiment inflation expectations deteriorate sharply in april  the us bond market is continuing to crash will this make trump back off of china,negative,-1
2025-04-12,under what circumstances could we see a crash,neutral,0
2025-04-13,saturday bull marketsunday bear marketmonday existential crisis both bear and bull  will the market crash  i just got into stocks and then the crash happened,neutral,0
2025-04-15,in a first japan issues ceaseanddesist order against google,negative,-1
2025-04-16,powell indicates tariffs could pose a challenge for the fed between controlling inflation and boosting growth,positive,1
2025-04-17,unitedhealth shares crash after surprise earnings miss cuts to forecast  anticipating the crash is stressful  us judge finds google holds illegal online ad tech monopolies,negative,-1
2025-04-18,jay powell made it clear fed is not going to rescue markets,neutral,0
2025-04-21,trans pilot falsely blamed in potomac plane crash sues conservative influencer  will the market pump if we see usd hyper inflation  bogleheads  please explain the bull  recovery case if trump successfully destroys the independence of the fed,neutral,0
2025-04-23,institutional investor eg berkshire hathaway point72 pershing square data analysis from 13f,neutral,0
2025-04-24,google forcing some remote workers to come back 3 days a week,negative,-1
2025-04-27,consumers are so stressed by the economy they are doing less loads of laundry says procter amp gamble ceo,negative,-1
2025-04-30,satya nadella says 30 of microsoft code is written by ai  microsoft shares jump on earnings revenue beat,positive,1
2025-05-01,sp500 death cross  sp500 is only 18 down since liberation day after weeks of recovery the more the economy stabilizes the more china will end up caving,negative,-1
2025-05-02,warren buffet transitionberkshire  i shed a tear  why do people think this isnt a crash situation it follows the same pattern as a crash  microsoft breaking its back carrying the sampp,neutral,0
2025-05-03,berkshire shareholders head to buffetts 60th annual meeting economy top of mind  end of an era warren buffett says he will step down as berkshire hathaway ceo after 55 years  berkshire hathaway operating earnings drop more than expected as buffett warns of tariff uncertainty  warren buffett will ask berkshire board to replace him as ceo with greg abel  warren buffett announces retirement from leading berkshire hathaway  berkshires cash pile hits record 3477b and reports q1 operating earnings of 96b,negative,-1
2025-05-05,berkshire hathaway shares fall after shocking buffett exit and an earnings decline,negative,-1
2025-05-07,apple working to move to al search in browser amid google fallout  what just happened to google out of nowhere  shares of google alphabet fall after apples vice president announced a decline in apples browser search business,negative,-1
2025-05-08,what did the 2008 crash feel like in real time,neutral,0
2025-05-09,ill just keep dcaing and buy the dip 2025 market crash catch phrases  first chinese freight ship goods hit with trumps 145plus tariffs arriving at us ports,positive,1
2025-05-10,a failed sovietera spacecraft that aimed for venus is expected to crash back to earth tonight  if you assume us dollar will be devalued and inflation in us will rise are global market funds a hedge,neutral,0
2025-05-11,us inflation starting to stir as trump tariffs hit,positive,1
2025-05-13,inflation eased after trumps liberation day tariffs defying fears  microsoft is cutting 3 of all workers  should i sell my nvidia shares and invest in google instead,negative,-1
2025-05-14,google needs big bang breakup that would value its businesses at 37 trillion as ai threatens search  why would anybody buy 05 10 year tbonds in 2022 when inflation was 8 over tips,neutral,0
2025-05-15,google hits 150 million users for subscription service with help of ai,neutral,0
2025-05-16,boeing crash victims families say justice department set to drop criminal case decry decision as morally repugnant,negative,-1
2025-05-17,google ai overview search results earns the same ad revenue as those without,neutral,0
2025-05-20,warby parker pops 16 on 150 million google smart glasses partnership  the 15 biggest announcements at google io 2025  google launches 250 per month vip ai subscription service,neutral,0
2025-05-23,new head of social security hired from wall street tells staff he had to google the job when he was offered it,neutral,0
2025-05-25,nvidia earnings trump tariff updates and the feds preferred inflation gauge what to know this week,neutral,0
2025-05-28,theory the us stock market can never crash as its driven by psychology now whereby retail investors thinking the market always goes up,neutral,0
2025-05-30,april inflation milder than expected at 21 vs expected 22 pce  core cpe was 25 in april lower than projections of 26,negative,-1
2025-06-02,alphabet stock could drop up to 25 if judge forces google to sell chrome barclays says,negative,-1
2025-06-03,thinking about picking up some google apple broadcom and nvidia stock thoughts,neutral,0
2025-06-04,are we facing a stock market crash in july trumps section 899  tesla a fatal selfdriving crash shows the stupidity of cameraonly fsd,neutral,0
2025-06-05,15yearold boy dies following parking lot car crash at private school in studio city lapd says  economists raise questions about quality of us inflation data labor department says staffing shortages reduced its ability to conduct its massive monthly survey,negative,-1
2025-06-07,3 teens dead after apparent police chase and crash in limerick township pennsylvania,negative,-1
2025-06-08,docusign docu 7528 19 sudden crash and the iam story iam analysis,neutral,0
2025-06-11,president trump calls for the federal reserve to cut interest rates by one full point,negative,-1
2025-06-12,meta platforms has hired jack rae a researcher at googles deepmind ai unit to join its new superintelligence division,neutral,0
2025-06-13,us consumer sentiment jumps as inflation expectations improve,positive,1
2025-06-14,india orders inspection of boeing 787s after air india crash,negative,-1
2025-06-16,brkb v sp500,neutral,0
2025-06-17,should i sell my single share of microsoft,neutral,0
2025-06-18,lone air india survivor carries coffin of brother killed in crash,neutral,0
2025-06-19,google likely to face 47 billion usd fine,neutral,0
2025-06-20,iranian missile strikes tech park housing microsoft office in southern israel,negative,-1
2025-06-21,brazil eight dead in hot air balloon crash says state governor,negative,-1
2025-06-22,what value is there in waymo for google  usa bombed iran whats next for the market sp500 and global,neutral,0
2025-06-23,google undervalued tech gem,positive,1
2025-06-24,everyone who claimed they sold everything during the recent crash  do you regret it,neutral,0
2025-06-26,what companies would benefit the most from heavy interest rate cuts and ensuing inflation,neutral,0
2025-06-27,key inflation gauge rose last month while americans cut back on spending  happy ath day  google clouds openai deal a win for tpu chips microsoft partner says crn  microsoft stock keeps climbing  core inflation rate rose to 27 in may more than expected feds preferred gauge shows,positive,1
2025-06-28,inflation is the only way right,neutral,0
2025-06-29,microsofts ai revenue to reach 25 billion wedbush raises target price to 600,positive,1
2025-07-10,sp 500 amp berkshire hathaway have completely diverged  thinking of exiting my google position because of chatgpts coming browser  openai to release web browser in challenge to google chrome,negative,-1
2025-07-11,thoughts on hims crash and burn or rise like a phoenix,neutral,0
2025-07-12,boeing engine fuel supply was cut just before air india jet crash preliminary report says  google to pay 24 billion in deal to license tech of coding startup hire ceo,negative,-1
2025-07-14,us defense department awards contracts to google musks xai  who was able to take full advantage of the entire postcrash run,positive,1
2025-07-16,wholesale inflation measure was unchanged in june,neutral,0
2025-07-17,do you expect a crash august tariff deadline,negative,-1
2025-07-23,tally of microsoft victims surges to 400 as hackers capitalize on sharepoint flaw  taking stock of alphabet googl goog,positive,1
2025-07-25,faa sees no mechanical issue with 787 boeing fuel control unit after air india crash,negative,-1
2025-07-29,googles monopoly breakup is a swiss cheese stance  what makes google so low  is googles every tech company bigger competitor,neutral,0
2025-07-30,microsoft posts q4 beat on top and bottom line on cloud ai strength  microsoft used china staff to support usg cloud  propublica  anyone here experience the dotcom bubble or 2008 crash as an investor what it felt like actually,neutral,0
2025-07-31,the fed just froze rates again but are we all just delaying the inevitable crash or prepping for a bull run  microsoft tops 4 trillion in market cap after hours joining nvidia in exclusive club,neutral,0
2025-08-01,google loses appeal in antitrust battle with fortnite maker,negative,-1
2025-08-02,berkshire hathaway operating earnings dip 4 as conglomerate braces for tariff impact  googl question,negative,-1
2025-08-04,fig crash should i pull or stay,neutral,0
2025-08-06,a million calls an hour israel relying on microsoft cloud for expansive surveillance of palestinians,neutral,0
2025-08-08,so you think were gonna crash  you dont own enough google another google is undervalued post  next week inflation expectations  are we headed to a massive correctioncrash,negative,-1
2025-08-09,microsoft investigates israeli militarys use of azure cloud storage,negative,-1
2025-08-10,exit googgoogl or hold through remedies ruling,neutral,0
2025-08-12,googl is a value buy due to ai  play by the rules fortnite developer epic games wins australian court battle against apple and google  inflation rose the most in 6 months stoking tariff concerns,positive,1
2025-08-14,amzn vs googl  warren buffetts berkshire hathaway reveals new stake in beleaguered insurer unitedhealth,neutral,0
2025-08-15,warren buffett buys unh that means insurance could be a hot trade for the next few months what are you buying  microsoft launches inquiry into claims israel used its tech for mass surveillance of palestinians,neutral,0
2025-08-18,stocks most at risk from rising delinquencies and cre stress and those positioned to benefit if the fed finally pivots  warren buffetts berkshire hathaway invests 18b in nucor dr horton and lennar heres why,neutral,0
2025-08-20,how to profit on pop mart crash,neutral,0
2025-08-21,hundreds of thousands of grok chats exposed in google results,neutral,0
2025-08-22,meta inks 10b cloud deal with google cloud,neutral,0
2025-08-23,thoughts on wulf google has 8 percent stake in it,neutral,0
2025-08-24,jackson hole 1982 the fed meeting that sparked a historic bull market  investingcom uk,neutral,0
2025-08-27,google has eliminated 35 of managers overseeing small teams in past year exec says,negative,-1
2025-08-29,google court verdict this week  who else is terrified,neutral,0
2025-08-30,core inflation rose to 29 in july highest since february,positive,1
2025-09-01,powell at jackson hole may have underestimated the destructive impact of tariffs on inflation the economy and jobs,negative,-1
2025-09-02,warren buffett says he is disappointed in kraft heinz split shares fall 5  google can keep chrome but must share information judge rules  google gets to keep chrome but is barred from exclusive search deals judge rules,negative,-1
2025-09-03,alphabet stock rockets 9 after google wins antitrust battle  mstr to join sp500  is see through inflation the next transitory inflation  bought microsoft at 135 in 2020 should i sell,neutral,0
2025-09-05,prediction  berkshire will acquire stz  trump threatens trade probe after discriminatory eu fines against google apple  google fined almost 3 billion by eu for abusing adtech power,negative,-1
2025-09-06,record 74 trillion in cash on the sidelines will dip buyers prevent the next crash,negative,-1
2025-09-08,nebius signs 174 billion ai infrastructure deal with microsoft,positive,1
2025-09-09,microsoft to buy ai from anthropic in shift from openai,neutral,0
2025-09-10,fed rate cut now signals 3 inflation is the new 2  fed has two goals keep unemployment and inflation in check its abundantly clear the fed thinks the job market is worse than inflation,negative,-1
2025-09-11,us consumer inflation accelerates weekly jobless claims approach fouryear high,negative,-1
2025-09-12,berkshire  asml the investment that never happened why,neutral,0
2025-09-16,us consumers are feeling the stress of inflation interest rates report shows  microsoft announces 30 billion investment in ai infrastructure in uk,positive,1
2025-09-17,do you think trump is purposefully causing inflation,neutral,0
2025-09-18,most overlookedundervalued and most overhypedovervalued stock right now  googl good news continues,positive,1
2025-09-19,reddit reportedly in talks with google on next ai content deal  when there wasnt such a bull market was it hard to invest  army says 4 soldiers died in a helicopter crash in washington state this week  brett james grammywinning jesus take the wheel songwriter dies in north carolina plane crash,neutral,0
2025-09-21,what reliving the 1929 crash tells us about todays stock market,neutral,0
2025-09-22,army identifies 4 soldiers killed in military helicopter crash in washington state  could the potential invasion of eastern europe by russia cause a crash in markets  where does the massive nvidiaopenai deal leave microsoft,negative,-1
2025-09-23,fed chief powell says stock prices appear fairly highly valued,positive,1
2025-09-24,do you all remember when everyone was saying covid inflation was transitory  googl waymo for business,neutral,0
2025-09-25,meta in talks with google to use gemini to improve ad targeting,neutral,0
2025-09-28,how will microsoft stock react to this news on monday morning  trump demands microsoft immediately fire lisa monaco ,negative,-1
2025-09-29,openai launching instant checkout working with etsy16 and shopify6 threatening google12 searchs core revenue stream  amzn and googls anthropic investment paying off msft adds anthropic ai models to copilot  global expansion,neutral,0
2025-09-30,warren buffett is reportedly eyeing berkshire hathaways biggest deal in three years  sp500 amp company acquisitions,neutral,0
2025-10-04,is berkshire doomed to stagnation until buffet dies,neutral,0
2025-10-07,if you assume a crash is coming  what does safety with your money actually look like  googl nobel prize in physics awarded to googles quantum ai chief scientist,neutral,0
2025-10-08,we arent in the dot com bubble were in an anything but cash bubble  please for jesus christ stop talking about bubble and just dca every month stop talking about a crash it may not come in years  when will the crash happen,neutral,0
2025-10-09,msft nvda and openai microsoft azure unveils worlds first nvidia gb300 nvl72 supercomputing cluster for openai,neutral,0
2025-10-11,google earnings,neutral,0
2025-10-13,cnbcs andrew ross sorkin is anxious wall street is reliving 1929 market crash under trump,neutral,0
2025-10-14,whats if there are no stock crash anytime soon  is microsoft going to be effected in any long term way with xbox basically trying to hang itself with a golden noose,neutral,0
2025-10-15,blackrock nvidia and microsoft lead 40b data center deal as ai infrastructure spending hits 400b in 2025,positive,1
2025-10-16,congratulations we have reached the mania stage in this bull market 5x leveraged etfs are coming,neutral,0
2025-10-17,googl cooking waymo doordash phoenix  london expansion and deepmind fusion energy  cancer therapy,neutral,0
2025-10-18,google can build ai infrastructure at 13rd the cost of nvidia implications,neutral,0
2025-10-23,donors for trumps 300m white house ballroom include google apple and palantir,neutral,0
2025-10-24,google anthropic announce cloud deal worth tens of billions,neutral,0
2025-10-26,chatgptmaker openai releases browser in attempt to rival google  is the investing world just waiting for tesla to crash,neutral,0
2025-10-27,is google quietly positioning itself to control future infrastructure energy  payments  big data moves this week  super hornet helicopter assigned to uss nimitz crash in south china sea in separate incidents crew safe,neutral,0
2025-10-28,apple microsoft cross 4 trillion market cap for the first time  openai completes restructure solidifying microsoft as a major shareholder  the next chapter of the microsoftopenai partnership,positive,1
2025-10-29,fed cut interest rates by 25 basis point in a split decision  is it possible there wont be another crash or maybe not for decades  microsoft reports earnings beat as azure revenue climbs 40,negative,-1
2025-10-30,what is this meta tax issue why only meta and not microsoft or alphabet why is all tax pulled into q3  hyperscalers cloud revenue growth msft 491b up 26 amzn 33b up 20 and googl 152b up 34,positive,1
2025-10-31,is sudden stock market growth built on loans which significantly increases the risk of a crash,negative,-1
2025-11-01,berkshires q3 operating earnings jump 33 yoy as cash pile hits record 381b  buffet was a net seller of equities during the period,positive,1
2025-11-03,is it possible tesla could crash  openai signs 38 billion deal with amazon first partnership with cloud leader  are we in tech bubble or looking at inflation fueled market rise  is berkshire a value trap or a buy,neutral,0
2025-11-04,shelter in place issued after plane crash at louisville ky airport  microsoft signs 97 billion cloud deal with iren as ai demand swells,positive,1
2025-11-05,softbank crashes the ai bubble has begun to pop,negative,-1
2025-11-06,smalltown preacher shoots one of last lab monkeys that escaped mississippi crash  jpmorgan says investors should buy any dips as the stock bull market rages on  why isnt market reacting to scaled custom chip deployments from google ad amazon,negative,-1
2025-11-08,teen driver sentenced to 65 years for crash that killed 6 georgia family members,negative,-1
2025-11-09,faa bars md11 flights after fiery ups jet crash  if some people think another crash is inevitable why do you stay invested,neutral,0
2025-11-10,warren buffett will no longer write annual letter speak at berkshire hathaway shareholder meeting,neutral,0
2025-11-12,what do people actually do when they say the market is going to crash,neutral,0
2025-11-14,warren buffetts berkshire hathaway reveals new position in alphabet  united health unh looks really good here pre berkshire 13f  also still bullish on lulu,positive,1
2025-11-15,google and disney reach deal to restore espn abc to youtube tv,positive,1
2025-11-16,officer critically injured in vance motorcade crash,negative,-1
2025-11-17,dirt bike crash in california caught on camera,neutral,0
2025-11-18,google announces gemini 3 as battle with openai intensifies  no firm is immune if ai bubble bursts google ceo tells bbc  are we actally in a crash  warren buffett made a 4 billion investment in ai in spite of global stocks selloff concerning ai valuation  google earns the berkshire hathaway vote of confidence  google boss warns no company is going to be immune if ai bubble bursts,neutral,0
2025-11-19,on secgov i cant find any form that shows berkshire hathaway purchased a massive amount of stock shares from alphabet,neutral,0
2025-11-20,is the ai bubble already popping nvda looks overpriced and googles just proved it,neutral,0
2025-11-21,general question about how a market crash happens,neutral,0
2025-11-22,berkshire hathaway bought alphabet shares at some point in q3 this year is there any way to know on what date they bought it  googl vs msft alphabets market cap surpasses microsofts  first time since 2017 endofyear data,positive,1
2025-11-24,google keeps crushing  just google me slender man stabbing assailant morgan geyser allegedly told cops who caught her  michael burry launches 379 annual subscription newsletter to lay out his ai bubble views after deregistering hedge fund  market watch googles big jump pushed the market higher today but something still feels a bit shaky  how is amzn different than meta googl  nato and google cloud sign multimillion dollar deal for aienabled sovereign cloud,neutral,0
2025-11-25,confused with microsoft other tech stocks are doing fine whats up with msft  explain the google tsmc nvidia dynamic to me  meta and google discuss tpu deal as google targets nvidias lead  googl up 130 since april lows  why do you think its climbing so fast,neutral,0
2025-11-26,tax implications from googl  need some advice,neutral,0
2025-11-27,some see the sampp 500 hitting 8000 in 2026 with the new bull market  openais 200m paying user goal by 2030 is delusional here is the bear case nobody talks about,neutral,0
2025-11-28,microsoft is last train to catch,neutral,0
2025-12-01,musk says he would invest in nvda amp googleinterview  stock ideas from barrons 121 rblx d shop googl,neutral,0
2025-12-02,what happens to cheaper stocks if ai shares crash  openai declares code red as google catches up in ai race,negative,-1
2025-12-03,ups put profits over safety before plane crash that killed 14 lawyer alleges  microsoft reportedly cuts ai sales quotas after teams miss growth targets,negative,-1
2025-12-04,microsoft will raise prices of commercial office subscriptions in july,neutral,0
2025-12-05,anyone else feel like google stock should be on decline and is confused how they are crushing it  core inflation rate watched by fed hit 28 delayed september data shows lower than expected,negative,-1
2025-12-06,berkshire is on track to lag behind the sampp 500 in buffetts last year as ceo,positive,1
2025-12-08,berkshire hathaways todd combs investment lieutenant to buffett and geico ceo is leaving for jpmorgan,neutral,0
2025-12-09,microsoft unveils 23 billion in new ai investments with big focus on india  google warby parker to launch gemini aipowered smart glasses in 2026,neutral,0
2025-12-10,divided fed approves third rate cut this year sees slower pace ahead,negative,-1
2025-12-11,microsoft juggling a major lawsuit and new ai investments mixed market reaction follows,negative,-1
2025-12-13,end of the berkshire way combs departure isnt only big change as buffett transition nears,neutral,0
2025-12-15,spacex a financial and strategic windfall for google,neutral,0
2025-12-16,microsoft keeps spending big on ai but usage trends raise questions,negative,-1
2025-12-18,wall st takes a breath as inflation eases but are we just pricing in a perfect world again,neutral,0
2025-12-19,is amazon the next google for 2026  wedbush maintains a buy rating on google and raises its price target to 350,neutral,0
2025-12-20,prediction markets will cause the next stock market crash  tech vs consumer staples  wheres the better 2026 play,negative,-1
2025-12-22,vince zampella video game developer behind call of duty franchise killed in mountain road crash,neutral,0
2025-12-23,analyzing berkshire hathaway valuation capital allocation and longterm opportunities,neutral,0
2025-12-24,if you had to pick one longterm ai winner google or nvidia and why,neutral,0
2025-12-26,johnson amp johnson jnj duplexad drug fails to meet primary endpoint in phase iib clinical trial can its stock price continue to rise,negative,-1
2025-12-28,2 helicopters crash midair in new jersey,negative,-1
2025-12-29,british boxer anthony joshua injured in car crash that killed two in nigeria,negative,-1
2025-12-31,machu picchu train crash leaves one dead and dozens injured,negative,-1
2026-01-01,google wraps up best year on wall street since 2009 beating megacap peers as ai story strengthens,positive,1
2026-01-02,anthony joshuas driver charged over nigeria crash that killed two,negative,-1
2026-01-03,do google shares even matter  euro hedged sp500,neutral,0
2026-01-05,samsung just confirmed 800 million devices will have google gemini by the end of 2026  microsofts nadella wants us to stop thinking of ai as slop,neutral,0
2026-01-07,federal aviation notice warned of slackline before deadly helicopter crash in arizona  berkshire hathaways new ceo has a much higher salary than warren buffett did  google has overtaken apples market cap becoming the second most valuable company in the world,positive,1
2026-01-08,google is unleashing gemini ai features on gmail users will have to opt out  googl meta msft amzn and nflx big tech win as eu backs off heavy handed digital regulations,negative,-1
2026-01-09,berkshire as a hedge,neutral,0
2026-01-11,googl vs amzn best pick for a 57 year horizon  google and walmart drone expansion gemini shopping and new ai commerce protocol,positive,1
2026-01-12,apple asks google to help smarten up siri and bring other ai features to the iphone  apple picks googles gemini to power siri,positive,1
2026-01-13,why is the stock market shrugging off the criminal probe into fed chair powell  uber fears caused by avs is the same story as seaech ai fears was for google  uber vs waymo google,neutral,0
2026-01-14,how do one predict the next metal market crash silver,negative,-1
2026-01-15,wikipedia inks ai deals with microsoft meta and perplexity as it marks 25th birthday  are we adding to positions in google,neutral,0
2026-01-16,openai implementing ads in chatgpt finally time for puts on googgoogl,neutral,0
2026-01-17,space stocks pullback imminent or continued bull market,negative,-1
2026-01-20,barcelona train crash latest train driver dead 20 injured after train derailment near city police say,negative,-1
2026-01-21,energy costs will decide which countries win the ai race microsofts nadella says  davos 2026  amzn vs googl vs msft vs nvda,neutral,0
2026-01-22,feds main gauge shows inflation at 28 in november edging further away from target,negative,-1
2026-01-24,intel didnt crash because of earnings  it crashed because the market stopped believing,negative,-1
